timestamp,splice_id,surface_distance,acoustic_level,edge_deviation,belt_speed,carryback_level,condition
2026-09-05 08:13:57.659585,SPLICE_001,100.99,29.31,2.65,1.58,0.03,NORMAL
2026-09-05 08:13:59.659585,SPLICE_003,100.56,35.05,1.42,1.47,0.04,NORMAL
2026-09-05 08:14:01.659585,SPLICE_002,106.73,39.69,3.55,1.34,0.44,WARNING
2026-09-05 08:14:03.659585,SPLICE_005,99.14,26.29,1.3,1.39,0.16,NORMAL
2026-09-05 08:14:05.659585,SPLICE_004,100.14,22.88,1.46,1.51,0.12,NORMAL
2026-09-05 08:14:07.659585,SPLICE_001,98.8,34.74,2.29,1.47,0.09,NORMAL
2026-09-05 08:14:09.659585,SPLICE_005,99.97,24.71,2.82,1.44,0.06,NORMAL
2026-09-05 08:14:11.659585,SPLICE_005,105.56,35.97,2.22,1.54,0.18,NORMAL
2026-09-05 08:14:13.659585,SPLICE_005,99.77,28.49,0.52,1.46,0.17,NORMAL
2026-09-05 08:14:15.659585,SPLICE_004,97.31,25.6,0.87,1.51,0.16,NORMAL
2026-09-05 08:14:17.659585,SPLICE_001,103.97,59.89,9.06,1.49,0.51,WARNING
2026-09-05 08:14:19.659585,SPLICE_002,99.59,26.88,0.49,1.55,0.01,NORMAL
2026-09-05 08:14:21.659585,SPLICE_003,97.79,24.02,2.81,1.57,0.18,NORMAL
2026-09-05 08:14:23.659585,SPLICE_002,109.81,84.24,18.89,1.32,0.82,CRITICAL
2026-09-05 08:14:25.659585,SPLICE_003,99.93,37.82,0.62,1.54,0.01,NORMAL
2026-09-05 08:14:27.659585,SPLICE_004,97.16,35.21,2.9,1.5,0.05,NORMAL
2026-09-05 08:14:29.659585,SPLICE_003,102.96,27.41,1.19,1.47,0.19,NORMAL
2026-09-05 08:14:31.659585,SPLICE_001,107.5,64.27,7.51,1.43,0.27,WARNING
2026-09-05 08:14:33.659585,SPLICE_005,100.19,34.84,1.3,1.48,0.05,NORMAL
2026-09-05 08:14:35.659585,SPLICE_004,102.55,28.54,0.66,1.52,0.04,NORMAL
2026-09-05 08:14:37.659585,SPLICE_003,104.97,48.58,6.68,1.44,0.41,WARNING
2026-09-05 08:14:39.659585,SPLICE_005,103.17,66.23,6.96,1.23,0.32,WARNING
2026-09-05 08:14:41.659585,SPLICE_003,100.12,42.32,1.81,1.52,0.03,NORMAL
2026-09-05 08:14:43.659585,SPLICE_001,100.68,29.96,2.77,1.44,0.15,NORMAL
2026-09-05 08:14:45.659585,SPLICE_002,108.37,47.72,9.81,1.26,0.45,WARNING
2026-09-05 08:14:47.659585,SPLICE_001,103.36,55.62,6.01,1.49,0.27,WARNING
2026-09-05 08:14:49.659585,SPLICE_001,100.2,27.48,0.45,1.5,0.13,NORMAL
2026-09-05 08:14:51.659585,SPLICE_004,101.07,25.43,2.62,1.49,0.03,NORMAL
2026-09-05 08:14:53.659585,SPLICE_003,98.43,28.39,2.81,1.44,0.16,NORMAL
2026-09-05 08:14:55.659585,SPLICE_003,102.73,42.7,1.68,1.49,0.18,NORMAL
2026-09-05 08:14:57.659585,SPLICE_003,106.78,61.25,4.53,1.27,0.49,WARNING
2026-09-05 08:14:59.659585,SPLICE_001,101.24,36.09,2.23,1.54,0.0,NORMAL
2026-09-05 08:15:01.659585,SPLICE_002,100.59,26.43,3.87,1.52,0.13,NORMAL
2026-09-05 08:15:03.659585,SPLICE_002,101.47,25.23,1.25,1.44,0.15,NORMAL
2026-09-05 08:15:05.659585,SPLICE_004,101.93,32.06,2.82,1.59,0.02,NORMAL
2026-09-05 08:15:07.659585,SPLICE_005,97.26,26.14,2.88,1.49,0.13,NORMAL
2026-09-05 08:15:09.659585,SPLICE_003,106.04,66.63,6.47,1.67,0.28,WARNING
2026-09-05 08:15:11.659585,SPLICE_001,98.07,34.89,2.04,1.49,0.04,NORMAL
2026-09-05 08:15:13.659585,SPLICE_001,105.33,60.71,7.95,1.39,0.59,WARNING
2026-09-05 08:15:15.659585,SPLICE_004,99.1,33.89,3.05,1.48,0.06,NORMAL
2026-09-05 08:15:17.659585,SPLICE_002,116.07,72.54,15.69,1.26,0.83,CRITICAL
2026-09-05 08:15:19.659585,SPLICE_005,106.69,48.53,9.11,1.41,0.5,WARNING
2026-09-05 08:15:21.659585,SPLICE_003,102.17,35.27,0.62,1.45,0.16,NORMAL
2026-09-05 08:15:23.659585,SPLICE_004,100.61,31.29,2.02,1.54,0.1,NORMAL
2026-09-05 08:15:25.659585,SPLICE_004,101.14,35.68,2.95,1.53,0.18,NORMAL
2026-09-05 08:15:27.659585,SPLICE_002,97.69,22.5,2.17,1.46,0.01,NORMAL
2026-09-05 08:15:29.659585,SPLICE_005,104.63,20.66,2.69,1.42,0.01,NORMAL
2026-09-05 08:15:31.659585,SPLICE_005,98.21,28.33,3.56,1.51,0.04,NORMAL
2026-09-05 08:15:33.659585,SPLICE_005,98.54,31.08,2.05,1.47,0.11,NORMAL
2026-09-05 08:15:35.659585,SPLICE_002,121.82,93.29,15.06,1.27,0.73,CRITICAL
2026-09-05 08:15:37.659585,SPLICE_002,98.68,34.26,1.21,1.49,0.01,NORMAL
2026-09-05 08:15:39.659585,SPLICE_001,103.68,68.29,6.33,1.37,0.3,WARNING
2026-09-05 08:15:41.659585,SPLICE_001,103.53,32.02,0.74,1.55,0.19,NORMAL
2026-09-05 08:15:43.659585,SPLICE_002,107.13,68.21,4.35,1.58,0.3,WARNING
2026-09-05 08:15:45.659585,SPLICE_004,102.53,26.46,2.44,1.54,0.09,NORMAL
2026-09-05 08:15:47.659585,SPLICE_004,99.96,25.34,0.71,1.49,0.09,NORMAL
2026-09-05 08:15:49.659585,SPLICE_004,103.26,22.85,1.56,1.51,0.07,NORMAL
2026-09-05 08:15:51.659585,SPLICE_005,106.18,73.78,7.81,1.49,0.27,WARNING
2026-09-05 08:15:53.659585,SPLICE_001,100.4,27.0,2.07,1.48,0.19,NORMAL
2026-09-05 08:15:55.659585,SPLICE_001,96.21,36.4,1.38,1.61,0.11,NORMAL
2026-09-05 08:15:57.659585,SPLICE_005,105.54,59.71,7.56,1.34,0.23,WARNING
2026-09-05 08:15:59.659585,SPLICE_003,101.77,27.68,1.38,1.48,0.14,NORMAL
2026-09-05 08:16:01.659585,SPLICE_004,101.8,31.54,2.81,1.53,0.06,NORMAL
2026-09-05 08:16:03.659585,SPLICE_001,117.76,77.9,7.85,1.02,0.91,CRITICAL
2026-09-05 08:16:05.659585,SPLICE_003,117.74,82.98,14.13,1.36,0.9,CRITICAL
2026-09-05 08:16:07.659585,SPLICE_002,99.18,31.31,2.01,1.55,0.17,NORMAL
2026-09-05 08:16:09.659585,SPLICE_001,108.05,52.52,7.65,1.39,0.58,WARNING
2026-09-05 08:16:11.659585,SPLICE_003,111.74,63.52,3.42,1.36,0.33,WARNING
2026-09-05 08:16:13.659585,SPLICE_005,102.32,33.96,2.62,1.53,0.02,NORMAL
2026-09-05 08:16:15.659585,SPLICE_002,98.6,29.96,0.09,1.59,0.18,NORMAL
2026-09-05 08:16:17.659585,SPLICE_002,98.35,28.39,2.41,1.47,0.12,NORMAL
2026-09-05 08:16:19.659585,SPLICE_005,112.83,87.04,17.24,1.33,0.63,CRITICAL
2026-09-05 08:16:21.659585,SPLICE_005,97.1,22.96,1.28,1.49,0.16,NORMAL
2026-09-05 08:16:23.659585,SPLICE_001,95.93,37.85,1.7,1.5,0.09,NORMAL
2026-09-05 08:16:25.659585,SPLICE_003,106.97,48.38,8.04,1.55,0.58,WARNING
2026-09-05 08:16:27.659585,SPLICE_003,97.11,25.78,1.66,1.52,0.19,NORMAL
2026-09-05 08:16:29.659585,SPLICE_002,106.67,55.1,7.2,1.32,0.59,WARNING
2026-09-05 08:16:31.659585,SPLICE_001,104.55,32.03,1.57,1.59,0.13,NORMAL
2026-09-05 08:16:33.659585,SPLICE_004,108.62,56.47,11.38,1.32,0.31,WARNING
2026-09-05 08:16:35.659585,SPLICE_005,105.53,44.16,9.07,1.22,0.23,WARNING
2026-09-05 08:16:37.659585,SPLICE_002,100.68,39.38,2.95,1.47,0.14,NORMAL
2026-09-05 08:16:39.659585,SPLICE_005,101.48,37.38,2.7,1.49,0.17,NORMAL
2026-09-05 08:16:41.659585,SPLICE_005,109.54,51.25,3.57,1.54,0.59,WARNING
2026-09-05 08:16:43.659585,SPLICE_004,116.38,87.79,5.19,1.06,0.71,CRITICAL
2026-09-05 08:16:45.659585,SPLICE_005,106.02,55.38,6.1,1.46,0.38,WARNING
2026-09-05 08:16:47.659585,SPLICE_002,101.89,59.28,9.12,1.55,0.34,WARNING
2026-09-05 08:16:49.659585,SPLICE_004,116.66,77.52,21.2,1.22,0.81,CRITICAL
2026-09-05 08:16:51.659585,SPLICE_003,100.34,35.77,3.03,1.51,0.08,NORMAL
2026-09-05 08:16:53.659585,SPLICE_005,101.29,36.84,1.04,1.53,0.03,NORMAL
2026-09-05 08:16:55.659585,SPLICE_002,96.54,37.22,2.89,1.49,0.07,NORMAL
2026-09-05 08:16:57.659585,SPLICE_003,103.0,30.37,3.63,1.43,0.17,NORMAL
2026-09-05 08:16:59.659585,SPLICE_005,99.97,33.98,1.72,1.42,0.2,NORMAL
2026-09-05 08:17:01.659585,SPLICE_002,95.87,29.55,0.7,1.53,0.02,NORMAL
2026-09-05 08:17:03.659585,SPLICE_001,97.8,32.44,2.75,1.49,0.09,NORMAL
2026-09-05 08:17:05.659585,SPLICE_001,103.04,59.03,5.94,1.32,0.27,WARNING
2026-09-05 08:17:07.659585,SPLICE_001,97.13,29.04,2.06,1.39,0.14,NORMAL
2026-09-05 08:17:09.659585,SPLICE_003,98.6,31.07,1.89,1.49,0.16,NORMAL
2026-09-05 08:17:11.659585,SPLICE_002,98.53,32.9,1.45,1.44,0.1,NORMAL
2026-09-05 08:17:13.659585,SPLICE_005,96.97,36.83,3.64,1.49,0.01,NORMAL
2026-09-05 08:17:15.659585,SPLICE_002,108.55,47.1,7.06,1.5,0.41,WARNING
2026-09-05 08:17:17.659585,SPLICE_004,99.74,25.22,0.39,1.51,0.05,NORMAL
2026-09-05 08:17:19.659585,SPLICE_001,99.63,29.76,0.94,1.47,0.07,NORMAL
2026-09-05 08:17:21.659585,SPLICE_003,103.37,34.41,1.99,1.57,0.02,NORMAL
2026-09-05 08:17:23.659585,SPLICE_004,113.12,63.12,6.12,1.56,0.25,WARNING
2026-09-05 08:17:25.659585,SPLICE_001,98.25,23.09,2.93,1.6,0.07,NORMAL
2026-09-05 08:17:27.659585,SPLICE_001,100.06,30.64,1.64,1.49,0.03,NORMAL
2026-09-05 08:17:29.659585,SPLICE_003,104.05,51.1,5.82,1.31,0.27,WARNING
2026-09-05 08:17:31.659585,SPLICE_001,94.99,33.42,2.39,1.5,0.17,NORMAL
2026-09-05 08:17:33.659585,SPLICE_002,98.85,33.78,2.5,1.45,0.19,NORMAL
2026-09-05 08:17:35.659585,SPLICE_002,104.09,38.1,2.93,1.46,0.04,NORMAL
2026-09-05 08:17:37.659585,SPLICE_003,98.47,20.98,0.37,1.5,0.02,NORMAL
2026-09-05 08:17:39.659585,SPLICE_001,96.95,33.99,0.86,1.51,0.1,NORMAL
2026-09-05 08:17:41.659585,SPLICE_005,98.7,30.24,1.14,1.48,0.01,NORMAL
2026-09-05 08:17:43.659585,SPLICE_005,104.19,61.08,9.21,1.48,0.44,WARNING
2026-09-05 08:17:45.659585,SPLICE_001,102.64,77.03,17.31,1.17,0.93,CRITICAL
2026-09-05 08:17:47.659585,SPLICE_002,100.34,30.45,2.49,1.58,0.17,NORMAL
2026-09-05 08:17:49.659585,SPLICE_004,100.68,27.94,1.51,1.48,0.03,NORMAL
2026-09-05 08:17:51.659585,SPLICE_004,117.72,95.35,6.17,1.25,0.95,CRITICAL
2026-09-05 08:17:53.659585,SPLICE_002,102.4,27.96,0.04,1.45,0.09,NORMAL
2026-09-05 08:17:55.659585,SPLICE_004,102.1,25.78,0.42,1.5,0.18,NORMAL
2026-09-05 08:17:57.659585,SPLICE_004,101.66,18.94,2.24,1.54,0.02,NORMAL
2026-09-05 08:17:59.659585,SPLICE_005,100.33,32.84,1.13,1.48,0.16,NORMAL
2026-09-05 08:18:01.659585,SPLICE_004,101.27,41.35,2.18,1.51,0.03,NORMAL
2026-09-05 08:18:03.659585,SPLICE_003,97.82,25.91,3.51,1.52,0.18,NORMAL
2026-09-05 08:18:05.659585,SPLICE_001,102.08,27.45,1.73,1.45,0.16,NORMAL
2026-09-05 08:18:07.659585,SPLICE_005,99.15,27.24,2.96,1.55,0.13,NORMAL
2026-09-05 08:18:09.659585,SPLICE_003,100.83,39.38,1.23,1.44,0.04,NORMAL
2026-09-05 08:18:11.659585,SPLICE_005,100.34,34.18,1.11,1.38,0.19,NORMAL
2026-09-05 08:18:13.659585,SPLICE_005,100.56,24.37,4.45,1.51,0.0,NORMAL
2026-09-05 08:18:15.659585,SPLICE_005,103.56,32.95,2.22,1.52,0.03,NORMAL
2026-09-05 08:18:17.659585,SPLICE_002,103.76,36.73,3.59,1.47,0.19,NORMAL
2026-09-05 08:18:19.659585,SPLICE_001,99.82,33.91,4.54,1.53,0.08,NORMAL
2026-09-05 08:18:21.659585,SPLICE_002,99.68,27.87,0.99,1.42,0.11,NORMAL
2026-09-05 08:18:23.659585,SPLICE_005,99.54,33.14,3.27,1.46,0.09,NORMAL
2026-09-05 08:18:25.659585,SPLICE_005,99.48,22.48,1.75,1.49,0.1,NORMAL
2026-09-05 08:18:27.659585,SPLICE_001,101.61,29.21,3.08,1.41,0.13,NORMAL
2026-09-05 08:18:29.659585,SPLICE_005,99.46,24.47,4.57,1.5,0.01,NORMAL
2026-09-05 08:18:31.659585,SPLICE_003,111.09,91.74,14.54,1.22,0.68,CRITICAL
2026-09-05 08:18:33.659585,SPLICE_002,99.93,27.28,1.29,1.51,0.16,NORMAL
2026-09-05 08:18:35.659585,SPLICE_003,102.78,16.7,0.08,1.44,0.11,NORMAL
2026-09-05 08:18:37.659585,SPLICE_004,99.31,28.14,0.59,1.46,0.13,NORMAL
2026-09-05 08:18:39.659585,SPLICE_003,99.28,29.65,2.49,1.46,0.13,NORMAL
2026-09-05 08:18:41.659585,SPLICE_001,101.44,24.35,1.48,1.52,0.13,NORMAL
2026-09-05 08:18:43.659585,SPLICE_005,113.25,82.71,18.26,1.06,0.94,CRITICAL
2026-09-05 08:18:45.659585,SPLICE_001,99.28,35.8,0.92,1.53,0.06,NORMAL
2026-09-05 08:18:47.659585,SPLICE_002,96.66,38.82,0.76,1.46,0.08,NORMAL
2026-09-05 08:18:49.659585,SPLICE_002,107.22,91.06,9.88,1.46,0.82,CRITICAL
2026-09-05 08:18:51.659585,SPLICE_001,100.74,50.64,8.94,1.4,0.52,WARNING
2026-09-05 08:18:53.659585,SPLICE_003,99.27,29.72,2.31,1.41,0.13,NORMAL
2026-09-05 08:18:55.659585,SPLICE_004,104.13,51.65,4.42,1.41,0.31,WARNING
2026-09-05 08:18:57.659585,SPLICE_003,100.39,25.11,2.41,1.41,0.13,NORMAL
2026-09-05 08:18:59.659585,SPLICE_005,99.06,32.63,3.62,1.58,0.13,NORMAL
2026-09-05 08:19:01.659585,SPLICE_005,96.32,23.6,1.38,1.5,0.03,NORMAL
2026-09-05 08:19:03.659585,SPLICE_001,113.26,86.99,9.26,1.29,0.76,CRITICAL
2026-09-05 08:19:05.659585,SPLICE_002,98.15,23.24,1.02,1.55,0.11,NORMAL
2026-09-05 08:19:07.659585,SPLICE_001,112.24,52.56,7.19,1.42,0.29,WARNING
2026-09-05 08:19:09.659585,SPLICE_002,98.85,30.61,4.56,1.5,0.07,NORMAL
2026-09-05 08:19:11.659585,SPLICE_005,99.3,31.21,2.18,1.48,0.1,NORMAL
2026-09-05 08:19:13.659585,SPLICE_003,98.75,39.06,2.71,1.47,0.16,NORMAL
2026-09-05 08:19:15.659585,SPLICE_003,97.82,34.65,0.24,1.56,0.02,NORMAL
2026-09-05 08:19:17.659585,SPLICE_003,114.63,91.21,15.71,1.0,0.95,CRITICAL
2026-09-05 08:19:19.659585,SPLICE_001,101.63,33.09,3.29,1.55,0.17,NORMAL
2026-09-05 08:19:21.659585,SPLICE_004,105.79,41.71,7.86,1.42,0.27,WARNING
2026-09-05 08:19:23.659585,SPLICE_001,101.64,30.67,2.45,1.49,0.19,NORMAL
2026-09-05 08:19:25.659585,SPLICE_002,99.92,33.41,2.03,1.5,0.06,NORMAL
2026-09-05 08:19:27.659585,SPLICE_003,97.19,32.51,0.96,1.56,0.14,NORMAL
2026-09-05 08:19:29.659585,SPLICE_004,99.63,27.8,3.45,1.51,0.06,NORMAL
2026-09-05 08:19:31.659585,SPLICE_004,101.74,31.42,0.65,1.53,0.0,NORMAL
2026-09-05 08:19:33.659585,SPLICE_001,100.16,35.33,1.48,1.57,0.1,NORMAL
2026-09-05 08:19:35.659585,SPLICE_002,101.84,31.57,0.32,1.41,0.15,NORMAL
2026-09-05 08:19:37.659585,SPLICE_003,99.16,28.59,0.66,1.45,0.06,NORMAL
2026-09-05 08:19:39.659585,SPLICE_002,96.13,23.96,0.93,1.53,0.19,NORMAL
2026-09-05 08:19:41.659585,SPLICE_001,101.97,28.93,1.95,1.53,0.12,NORMAL
2026-09-05 08:19:43.659585,SPLICE_001,109.5,67.97,3.86,1.41,0.27,WARNING
2026-09-05 08:19:45.659585,SPLICE_002,98.75,27.22,1.36,1.56,0.01,NORMAL
2026-09-05 08:19:47.659585,SPLICE_001,99.25,24.13,2.8,1.55,0.03,NORMAL
2026-09-05 08:19:49.659585,SPLICE_005,104.34,60.06,7.41,1.25,0.44,WARNING
2026-09-05 08:19:51.659585,SPLICE_004,110.8,86.65,13.55,1.29,0.65,CRITICAL
2026-09-05 08:19:53.659585,SPLICE_002,116.43,88.34,17.63,1.5,0.63,CRITICAL
2026-09-05 08:19:55.659585,SPLICE_002,100.75,44.94,8.77,1.3,0.4,WARNING
2026-09-05 08:19:57.659585,SPLICE_002,104.45,56.79,6.97,1.52,0.39,WARNING
2026-09-05 08:19:59.659585,SPLICE_001,102.41,31.72,3.32,1.44,0.11,NORMAL
2026-09-05 08:20:01.659585,SPLICE_003,107.75,52.13,8.18,1.51,0.54,WARNING
2026-09-05 08:20:03.659585,SPLICE_004,107.22,60.72,8.0,1.49,0.47,WARNING
2026-09-05 08:20:05.659585,SPLICE_002,102.76,33.24,1.83,1.51,0.07,NORMAL
2026-09-05 08:20:07.659585,SPLICE_001,98.62,32.47,2.42,1.52,0.1,NORMAL
2026-09-05 08:20:09.659585,SPLICE_001,106.57,55.37,4.28,1.47,0.45,WARNING
2026-09-05 08:20:11.659585,SPLICE_002,102.99,31.07,2.27,1.48,0.11,NORMAL
2026-09-05 08:20:13.659585,SPLICE_004,99.81,31.4,2.61,1.51,0.02,NORMAL
2026-09-05 08:20:15.659585,SPLICE_002,100.35,32.04,1.81,1.48,0.14,NORMAL
2026-09-05 08:20:17.659585,SPLICE_002,100.27,26.5,3.2,1.42,0.01,NORMAL
2026-09-05 08:20:19.659585,SPLICE_003,107.1,50.79,6.74,1.2,0.51,WARNING
2026-09-05 08:20:21.659585,SPLICE_003,98.89,39.41,0.55,1.39,0.03,NORMAL
2026-09-05 08:20:23.659585,SPLICE_005,101.3,34.94,3.12,1.57,0.05,NORMAL
2026-09-05 08:20:25.659585,SPLICE_005,101.3,29.5,3.85,1.45,0.08,NORMAL
2026-09-05 08:20:27.659585,SPLICE_001,101.8,28.97,1.29,1.47,0.01,NORMAL
2026-09-05 08:20:29.659585,SPLICE_003,97.5,37.22,1.92,1.56,0.19,NORMAL
2026-09-05 08:20:31.659585,SPLICE_003,100.54,28.85,2.71,1.54,0.17,NORMAL
2026-09-05 08:20:33.659585,SPLICE_005,101.29,36.65,2.2,1.54,0.16,NORMAL
2026-09-05 08:20:35.659585,SPLICE_003,97.94,29.75,2.37,1.46,0.09,NORMAL
2026-09-05 08:20:37.659585,SPLICE_005,99.92,22.85,2.13,1.47,0.05,NORMAL
2026-09-05 08:20:39.659585,SPLICE_005,98.73,34.98,1.72,1.5,0.01,NORMAL
2026-09-05 08:20:41.659585,SPLICE_001,104.64,35.61,3.83,1.48,0.48,WARNING
2026-09-05 08:20:43.659585,SPLICE_001,100.74,32.39,1.98,1.47,0.02,NORMAL
2026-09-05 08:20:45.659585,SPLICE_005,99.99,24.21,3.5,1.54,0.11,NORMAL
2026-09-05 08:20:47.659585,SPLICE_002,98.25,30.19,1.73,1.5,0.02,NORMAL
2026-09-05 08:20:49.659585,SPLICE_001,109.99,82.19,22.19,1.3,0.92,CRITICAL
2026-09-05 08:20:51.659585,SPLICE_003,99.01,27.78,2.28,1.46,0.14,NORMAL
2026-09-05 08:20:53.659585,SPLICE_001,106.18,49.82,8.4,1.44,0.49,WARNING
2026-09-05 08:20:55.659585,SPLICE_003,98.84,35.45,2.11,1.55,0.16,NORMAL
2026-09-05 08:20:57.659585,SPLICE_004,104.15,26.55,3.74,1.51,0.02,NORMAL
2026-09-05 08:20:59.659585,SPLICE_003,97.94,27.35,2.62,1.56,0.1,NORMAL
2026-09-05 08:21:01.659585,SPLICE_002,103.46,32.18,2.04,1.51,0.04,NORMAL
2026-09-05 08:21:03.659585,SPLICE_004,99.0,31.06,3.09,1.49,0.15,NORMAL
2026-09-05 08:21:05.659585,SPLICE_002,99.03,37.87,0.77,1.43,0.2,NORMAL
2026-09-05 08:21:07.659585,SPLICE_003,96.88,40.01,1.89,1.59,0.17,NORMAL
2026-09-05 08:21:09.659585,SPLICE_001,99.65,34.42,2.65,1.42,0.18,NORMAL
2026-09-05 08:21:11.659585,SPLICE_002,101.07,23.73,3.38,1.54,0.03,NORMAL
2026-09-05 08:21:13.659585,SPLICE_005,100.99,31.3,1.45,1.47,0.19,NORMAL
2026-09-05 08:21:15.659585,SPLICE_003,100.65,28.54,0.35,1.5,0.17,NORMAL
2026-09-05 08:21:17.659585,SPLICE_004,101.54,15.76,3.15,1.41,0.03,NORMAL
2026-09-05 08:21:19.659585,SPLICE_005,100.75,29.57,2.81,1.44,0.07,NORMAL
2026-09-05 08:21:21.659585,SPLICE_002,99.06,31.73,1.95,1.52,0.05,NORMAL
2026-09-05 08:21:23.659585,SPLICE_003,95.81,31.27,1.74,1.56,0.05,NORMAL
2026-09-05 08:21:25.659585,SPLICE_005,103.0,34.25,1.65,1.48,0.01,NORMAL
2026-09-05 08:21:27.659585,SPLICE_002,101.69,36.11,3.21,1.5,0.16,NORMAL
2026-09-05 08:21:29.659585,SPLICE_002,109.09,56.91,6.48,1.38,0.31,WARNING
2026-09-05 08:21:31.659585,SPLICE_002,100.1,26.56,1.87,1.45,0.19,NORMAL
2026-09-05 08:21:33.659585,SPLICE_002,115.39,65.02,18.67,1.25,0.78,CRITICAL
2026-09-05 08:21:35.659585,SPLICE_005,99.7,78.5,5.26,1.44,0.21,WARNING
2026-09-05 08:21:37.659585,SPLICE_001,102.22,24.8,2.61,1.45,0.19,NORMAL
2026-09-05 08:21:39.659585,SPLICE_005,100.55,26.75,3.07,1.49,0.04,NORMAL
2026-09-05 08:21:41.659585,SPLICE_004,101.74,32.48,2.15,1.52,0.1,NORMAL
2026-09-05 08:21:43.659585,SPLICE_002,101.93,31.54,1.55,1.5,0.19,NORMAL
2026-09-05 08:21:45.659585,SPLICE_001,109.32,64.5,8.28,1.29,0.36,WARNING
2026-09-05 08:21:47.659585,SPLICE_001,103.69,57.37,9.01,1.37,0.51,WARNING
2026-09-05 08:21:49.659585,SPLICE_002,103.23,32.27,1.76,1.55,0.07,NORMAL
2026-09-05 08:21:51.659585,SPLICE_005,102.09,32.85,2.72,1.53,0.09,NORMAL
2026-09-05 08:21:53.659585,SPLICE_005,99.7,30.63,1.83,1.5,0.06,NORMAL
2026-09-05 08:21:55.659585,SPLICE_001,97.44,21.78,1.11,1.58,0.09,NORMAL
2026-09-05 08:21:57.659585,SPLICE_004,98.72,23.38,3.64,1.55,0.12,NORMAL
2026-09-05 08:21:59.659585,SPLICE_005,95.5,26.59,2.06,1.56,0.1,NORMAL
2026-09-05 08:22:01.659585,SPLICE_004,97.22,21.77,3.02,1.62,0.12,NORMAL
2026-09-05 08:22:03.659585,SPLICE_005,101.36,32.88,1.75,1.52,0.19,NORMAL
2026-09-05 08:22:05.659585,SPLICE_005,98.49,28.6,0.31,1.5,0.06,NORMAL
2026-09-05 08:22:07.659585,SPLICE_002,108.91,50.06,3.18,1.44,0.44,WARNING
2026-09-05 08:22:09.659585,SPLICE_004,98.02,34.7,1.02,1.49,0.04,NORMAL
2026-09-05 08:22:11.659585,SPLICE_002,103.09,59.41,10.69,1.42,0.24,WARNING
2026-09-05 08:22:13.659585,SPLICE_003,101.22,58.52,6.96,1.46,0.52,WARNING
2026-09-05 08:22:15.659585,SPLICE_005,98.84,30.32,2.47,1.51,0.12,NORMAL
2026-09-05 08:22:17.659585,SPLICE_002,100.1,30.2,1.3,1.47,0.12,NORMAL
2026-09-05 08:22:19.659585,SPLICE_001,109.45,52.59,6.45,1.48,0.29,WARNING
2026-09-05 08:22:21.659585,SPLICE_002,98.56,34.47,1.71,1.56,0.13,NORMAL
2026-09-05 08:22:23.659585,SPLICE_003,106.72,48.74,11.45,1.28,0.27,WARNING
2026-09-05 08:22:25.659585,SPLICE_001,101.27,32.07,1.81,1.49,0.0,NORMAL
2026-09-05 08:22:27.659585,SPLICE_002,102.45,38.12,0.46,1.51,0.08,NORMAL
2026-09-05 08:22:29.659585,SPLICE_002,105.74,75.64,5.39,1.56,0.37,WARNING
2026-09-05 08:22:31.659585,SPLICE_001,101.95,35.52,2.3,1.47,0.12,NORMAL
2026-09-05 08:22:33.659585,SPLICE_003,99.24,28.98,1.42,1.45,0.05,NORMAL
2026-09-05 08:22:35.659585,SPLICE_004,98.83,29.01,1.24,1.5,0.16,NORMAL
2026-09-05 08:22:37.659585,SPLICE_004,100.47,22.22,2.33,1.54,0.11,NORMAL
2026-09-05 08:22:39.659585,SPLICE_005,109.14,72.67,17.78,1.49,0.89,CRITICAL
2026-09-05 08:22:41.659585,SPLICE_001,103.88,54.55,8.12,1.41,0.27,WARNING
2026-09-05 08:22:43.659585,SPLICE_005,98.02,33.15,1.09,1.5,0.09,NORMAL
2026-09-05 08:22:45.659585,SPLICE_001,111.32,97.36,19.37,1.29,0.97,CRITICAL
2026-09-05 08:22:47.659585,SPLICE_003,104.4,43.74,7.15,1.48,0.54,WARNING
2026-09-05 08:22:49.659585,SPLICE_004,104.64,31.97,2.19,1.48,0.03,NORMAL
2026-09-05 08:22:51.659585,SPLICE_005,107.51,59.66,4.86,1.31,0.34,WARNING
2026-09-05 08:22:53.659585,SPLICE_002,96.33,32.54,0.9,1.39,0.12,NORMAL
2026-09-05 08:22:55.659585,SPLICE_003,101.67,30.16,2.25,1.5,0.17,NORMAL
2026-09-05 08:22:57.659585,SPLICE_001,100.16,29.51,2.92,1.49,0.17,NORMAL
2026-09-05 08:22:59.659585,SPLICE_004,107.71,59.8,5.99,1.38,0.36,WARNING
2026-09-05 08:23:01.659585,SPLICE_004,117.68,76.02,15.11,1.2,0.86,CRITICAL
2026-09-05 08:23:03.659585,SPLICE_005,99.55,30.99,4.46,1.48,0.15,NORMAL
2026-09-05 08:23:05.659585,SPLICE_004,100.02,23.44,0.93,1.48,0.07,NORMAL
2026-09-05 08:23:07.659585,SPLICE_001,101.02,30.27,0.2,1.47,0.1,NORMAL
2026-09-05 08:23:09.659585,SPLICE_004,98.12,29.28,0.79,1.53,0.12,NORMAL
2026-09-05 08:23:11.659585,SPLICE_004,98.07,32.09,1.31,1.5,0.2,NORMAL
2026-09-05 08:23:13.659585,SPLICE_003,100.3,28.31,1.39,1.48,0.14,NORMAL
2026-09-05 08:23:15.659585,SPLICE_002,100.03,26.36,0.47,1.55,0.12,NORMAL
2026-09-05 08:23:17.659585,SPLICE_003,98.34,62.47,4.27,1.38,0.35,WARNING
2026-09-05 08:23:19.659585,SPLICE_004,102.42,28.42,2.88,1.54,0.0,NORMAL
2026-09-05 08:23:21.659585,SPLICE_004,98.85,17.04,1.45,1.52,0.11,NORMAL
2026-09-05 08:23:23.659585,SPLICE_001,98.01,29.85,0.04,1.6,0.17,NORMAL
2026-09-05 08:23:25.659585,SPLICE_005,99.95,25.33,1.56,1.46,0.15,NORMAL
2026-09-05 08:23:27.659585,SPLICE_003,95.39,27.78,1.13,1.39,0.16,NORMAL
2026-09-05 08:23:29.659585,SPLICE_001,103.99,63.32,5.79,1.58,0.3,WARNING
2026-09-05 08:23:31.659585,SPLICE_001,105.73,62.37,9.82,1.52,0.56,WARNING
2026-09-05 08:23:33.659585,SPLICE_002,102.6,37.81,2.03,1.46,0.03,NORMAL
2026-09-05 08:23:35.659585,SPLICE_001,100.18,38.61,1.77,1.5,0.02,NORMAL
2026-09-05 08:23:37.659585,SPLICE_002,99.27,30.92,0.65,1.45,0.07,NORMAL
2026-09-05 08:23:39.659585,SPLICE_001,101.36,35.79,1.55,1.48,0.02,NORMAL
2026-09-05 08:23:41.659585,SPLICE_002,102.37,33.59,3.0,1.46,0.12,NORMAL
2026-09-05 08:23:43.659585,SPLICE_003,102.24,50.98,7.56,1.31,0.51,WARNING
2026-09-05 08:23:45.659585,SPLICE_002,100.91,40.83,1.36,1.55,0.2,NORMAL
2026-09-05 08:23:47.659585,SPLICE_001,110.37,69.39,8.49,1.46,0.46,WARNING
2026-09-05 08:23:49.659585,SPLICE_002,113.18,76.61,10.82,0.91,0.78,CRITICAL
2026-09-05 08:23:51.659585,SPLICE_001,101.16,30.74,1.52,1.48,0.04,NORMAL
2026-09-05 08:23:53.659585,SPLICE_003,100.61,34.08,2.86,1.47,0.17,NORMAL
2026-09-05 08:23:55.659585,SPLICE_004,101.68,25.93,3.21,1.49,0.15,NORMAL
2026-09-05 08:23:57.659585,SPLICE_002,101.33,35.87,2.18,1.44,0.2,NORMAL
2026-09-05 08:23:59.659585,SPLICE_002,99.81,29.57,2.81,1.53,0.04,NORMAL
2026-09-05 08:24:01.659585,SPLICE_003,109.71,55.17,7.62,1.57,0.44,WARNING
2026-09-05 08:24:03.659585,SPLICE_005,100.3,55.63,10.62,1.46,0.55,WARNING
2026-09-05 08:24:05.659585,SPLICE_005,109.87,60.39,6.72,1.28,0.2,WARNING
2026-09-05 08:24:07.659585,SPLICE_003,101.66,25.37,3.29,1.48,0.04,NORMAL
2026-09-05 08:24:09.659585,SPLICE_003,103.34,31.97,0.8,1.52,0.07,NORMAL
2026-09-05 08:24:11.659585,SPLICE_003,100.56,37.27,0.55,1.44,0.03,NORMAL
2026-09-05 08:24:13.659585,SPLICE_004,108.17,52.02,10.45,1.36,0.55,WARNING
2026-09-05 08:24:15.659585,SPLICE_001,96.6,37.29,3.68,1.46,0.0,NORMAL
2026-09-05 08:24:17.659585,SPLICE_003,96.95,36.31,1.45,1.63,0.13,NORMAL
2026-09-05 08:24:19.659585,SPLICE_004,106.38,49.5,10.72,1.59,0.44,WARNING
2026-09-05 08:24:21.659585,SPLICE_004,102.05,32.96,2.78,1.47,0.1,NORMAL
2026-09-05 08:24:23.659585,SPLICE_005,120.58,78.51,18.79,1.3,0.81,CRITICAL
2026-09-05 08:24:25.659585,SPLICE_003,97.72,29.03,1.28,1.41,0.02,NORMAL
2026-09-05 08:24:27.659585,SPLICE_005,107.44,44.08,7.38,1.46,0.37,WARNING
2026-09-05 08:24:29.659585,SPLICE_004,102.44,32.91,1.77,1.45,0.17,NORMAL
2026-09-05 08:24:31.659585,SPLICE_005,102.4,20.31,0.75,1.52,0.07,NORMAL
2026-09-05 08:24:33.659585,SPLICE_002,106.42,40.85,7.65,1.39,0.3,WARNING
2026-09-05 08:24:35.659585,SPLICE_001,102.07,29.03,1.63,1.52,0.16,NORMAL
2026-09-05 08:24:37.659585,SPLICE_004,97.66,15.64,1.97,1.59,0.09,NORMAL
2026-09-05 08:24:39.659585,SPLICE_004,101.8,33.89,2.35,1.45,0.03,NORMAL
2026-09-05 08:24:41.659585,SPLICE_004,101.53,36.13,1.9,1.49,0.05,NORMAL
2026-09-05 08:24:43.659585,SPLICE_004,107.07,53.23,5.32,1.31,0.5,WARNING
2026-09-05 08:24:45.659585,SPLICE_002,102.99,28.64,1.98,1.46,0.01,NORMAL
2026-09-05 08:24:47.659585,SPLICE_003,106.3,45.95,3.47,1.3,0.56,WARNING
2026-09-05 08:24:49.659585,SPLICE_003,100.13,32.58,0.44,1.47,0.15,NORMAL
2026-09-05 08:24:51.659585,SPLICE_005,102.67,59.54,4.33,1.64,0.59,WARNING
2026-09-05 08:24:53.659585,SPLICE_003,96.77,35.82,1.27,1.46,0.17,NORMAL
2026-09-05 08:24:55.659585,SPLICE_005,120.09,111.63,13.82,1.22,0.88,CRITICAL
2026-09-05 08:24:57.659585,SPLICE_001,98.34,30.43,0.93,1.35,0.03,NORMAL
2026-09-05 08:24:59.659585,SPLICE_004,99.1,40.05,3.77,1.45,0.11,NORMAL
2026-09-05 08:25:01.659585,SPLICE_002,100.04,26.36,1.82,1.57,0.01,NORMAL
2026-09-05 08:25:03.659585,SPLICE_004,98.74,33.01,1.29,1.47,0.07,NORMAL
2026-09-05 08:25:05.659585,SPLICE_001,100.25,38.12,2.32,1.49,0.18,NORMAL
2026-09-05 08:25:07.659585,SPLICE_002,99.28,32.56,2.32,1.5,0.15,NORMAL
2026-09-05 08:25:09.659585,SPLICE_002,101.77,29.61,1.82,1.66,0.02,NORMAL
2026-09-05 08:25:11.659585,SPLICE_005,102.08,32.53,3.31,1.47,0.19,NORMAL
2026-09-05 08:25:13.659585,SPLICE_005,100.23,22.81,2.92,1.47,0.12,NORMAL
2026-09-05 08:25:15.659585,SPLICE_004,120.94,90.37,18.06,1.17,0.81,CRITICAL
2026-09-05 08:25:17.659585,SPLICE_005,100.97,25.77,1.36,1.55,0.17,NORMAL
2026-09-05 08:25:19.659585,SPLICE_004,99.47,32.42,1.45,1.47,0.18,NORMAL
2026-09-05 08:25:21.659585,SPLICE_003,98.09,32.12,4.06,1.45,0.02,NORMAL
2026-09-05 08:25:23.659585,SPLICE_002,100.38,31.21,2.52,1.5,0.08,NORMAL
2026-09-05 08:25:25.659585,SPLICE_005,109.69,89.28,14.25,1.35,0.66,CRITICAL
2026-09-05 08:25:27.659585,SPLICE_002,100.07,28.67,3.79,1.51,0.18,NORMAL
2026-09-05 08:25:29.659585,SPLICE_004,100.39,28.23,2.34,1.49,0.16,NORMAL
2026-09-05 08:25:31.659585,SPLICE_005,124.04,88.51,13.79,0.91,0.93,CRITICAL
2026-09-05 08:25:33.659585,SPLICE_005,95.76,26.96,3.3,1.5,0.07,NORMAL
2026-09-05 08:25:35.659585,SPLICE_001,107.64,48.28,5.87,1.36,0.34,WARNING
2026-09-05 08:25:37.659585,SPLICE_003,103.23,28.39,3.22,1.58,0.07,NORMAL
2026-09-05 08:25:39.659585,SPLICE_002,99.79,36.13,2.04,1.51,0.03,NORMAL
2026-09-05 08:25:41.659585,SPLICE_005,97.64,35.94,1.54,1.51,0.03,NORMAL
2026-09-05 08:25:43.659585,SPLICE_001,112.99,90.24,12.96,1.32,0.86,CRITICAL
2026-09-05 08:25:45.659585,SPLICE_005,100.25,39.69,1.0,1.47,0.01,NORMAL
2026-09-05 08:25:47.659585,SPLICE_002,102.06,23.42,2.72,1.53,0.13,NORMAL
2026-09-05 08:25:49.659585,SPLICE_004,100.82,28.79,2.67,1.59,0.02,NORMAL
2026-09-05 08:25:51.659585,SPLICE_001,96.59,18.62,2.14,1.56,0.08,NORMAL
2026-09-05 08:25:53.659585,SPLICE_004,98.93,29.55,2.33,1.51,0.06,NORMAL
2026-09-05 08:25:55.659585,SPLICE_003,99.13,33.75,2.2,1.52,0.16,NORMAL
2026-09-05 08:25:57.659585,SPLICE_001,98.13,35.43,1.46,1.54,0.17,NORMAL
2026-09-05 08:25:59.659585,SPLICE_004,100.68,26.77,1.09,1.5,0.05,NORMAL
2026-09-05 08:26:01.659585,SPLICE_001,99.96,28.48,2.8,1.42,0.06,NORMAL
2026-09-05 08:26:03.659585,SPLICE_001,102.1,25.68,2.43,1.54,0.12,NORMAL
2026-09-05 08:26:05.659585,SPLICE_001,99.79,29.16,2.07,1.56,0.01,NORMAL
2026-09-05 08:26:07.659585,SPLICE_005,116.74,96.64,16.06,1.3,0.93,CRITICAL
2026-09-05 08:26:09.659585,SPLICE_001,115.95,95.01,4.19,1.3,0.73,CRITICAL
2026-09-05 08:26:11.659585,SPLICE_001,102.95,28.24,2.89,1.51,0.09,NORMAL
2026-09-05 08:26:13.659585,SPLICE_004,103.22,36.57,3.64,1.54,0.05,NORMAL
2026-09-05 08:26:15.659585,SPLICE_005,98.07,30.15,1.74,1.38,0.13,NORMAL
2026-09-05 08:26:17.659585,SPLICE_005,100.25,32.76,2.04,1.58,0.13,NORMAL
2026-09-05 08:26:19.659585,SPLICE_004,99.79,29.08,1.56,1.39,0.01,NORMAL
2026-09-05 08:26:21.659585,SPLICE_005,112.85,78.08,9.37,1.19,0.84,CRITICAL
2026-09-05 08:26:23.659585,SPLICE_003,98.21,26.65,1.8,1.5,0.0,NORMAL
2026-09-05 08:26:25.659585,SPLICE_001,99.38,26.24,2.32,1.57,0.1,NORMAL
2026-09-05 08:26:27.659585,SPLICE_001,116.89,83.2,11.88,1.17,0.85,CRITICAL
2026-09-05 08:26:29.659585,SPLICE_002,99.36,26.02,3.08,1.5,0.1,NORMAL
2026-09-05 08:26:31.659585,SPLICE_003,99.2,26.74,0.62,1.41,0.08,NORMAL
2026-09-05 08:26:33.659585,SPLICE_002,100.53,32.54,0.42,1.54,0.16,NORMAL
2026-09-05 08:26:35.659585,SPLICE_005,100.29,26.93,1.29,1.52,0.08,NORMAL
2026-09-05 08:26:37.659585,SPLICE_001,95.7,26.4,1.79,1.45,0.15,NORMAL
2026-09-05 08:26:39.659585,SPLICE_005,101.02,29.16,3.23,1.56,0.07,NORMAL
2026-09-05 08:26:41.659585,SPLICE_001,99.8,30.09,2.71,1.51,0.12,NORMAL
2026-09-05 08:26:43.659585,SPLICE_003,107.14,60.09,7.12,1.33,0.26,WARNING
2026-09-05 08:26:45.659585,SPLICE_004,99.93,28.96,1.87,1.41,0.12,NORMAL
2026-09-05 08:26:47.659585,SPLICE_002,105.2,92.33,18.42,1.39,0.94,CRITICAL
2026-09-05 08:26:49.659585,SPLICE_005,98.71,38.88,0.81,1.55,0.06,NORMAL
2026-09-05 08:26:51.659585,SPLICE_002,99.47,37.17,2.53,1.52,0.17,NORMAL
2026-09-05 08:26:53.659585,SPLICE_005,99.73,34.05,2.79,1.41,0.07,NORMAL
2026-09-05 08:26:55.659585,SPLICE_002,122.93,92.8,11.05,1.42,0.67,CRITICAL
2026-09-05 08:26:57.659585,SPLICE_002,97.79,28.93,1.69,1.54,0.03,NORMAL
2026-09-05 08:26:59.659585,SPLICE_002,106.15,53.71,4.17,1.52,0.23,WARNING
2026-09-05 08:27:01.659585,SPLICE_005,100.95,48.55,8.93,1.56,0.35,WARNING
2026-09-05 08:27:03.659585,SPLICE_005,124.46,80.38,14.82,1.03,0.61,CRITICAL
2026-09-05 08:27:05.659585,SPLICE_004,101.09,30.03,1.56,1.49,0.01,NORMAL
2026-09-05 08:27:07.659585,SPLICE_003,97.8,28.19,0.2,1.48,0.18,NORMAL
2026-09-05 08:27:09.659585,SPLICE_003,101.39,28.33,3.17,1.52,0.2,NORMAL
2026-09-05 08:27:11.659585,SPLICE_004,96.92,22.57,2.53,1.4,0.03,NORMAL
2026-09-05 08:27:13.659585,SPLICE_005,103.47,41.16,2.64,1.53,0.09,NORMAL
2026-09-05 08:27:15.659585,SPLICE_004,102.81,48.01,4.48,1.31,0.59,WARNING
2026-09-05 08:27:17.659585,SPLICE_005,96.04,33.74,0.93,1.51,0.09,NORMAL
2026-09-05 08:27:19.659585,SPLICE_001,99.59,41.67,2.29,1.54,0.11,NORMAL
2026-09-05 08:27:21.659585,SPLICE_005,97.54,32.48,1.53,1.49,0.1,NORMAL
2026-09-05 08:27:23.659585,SPLICE_001,107.38,87.41,16.06,1.47,0.95,CRITICAL
2026-09-05 08:27:25.659585,SPLICE_003,100.62,28.04,2.27,1.48,0.06,NORMAL
2026-09-05 08:27:27.659585,SPLICE_002,99.75,24.14,1.99,1.52,0.17,NORMAL
2026-09-05 08:27:29.659585,SPLICE_004,106.13,97.62,11.38,1.1,0.9,CRITICAL
2026-09-05 08:27:31.659585,SPLICE_002,116.2,60.8,25.86,1.16,0.95,CRITICAL
2026-09-05 08:27:33.659585,SPLICE_004,99.89,31.43,2.52,1.53,0.11,NORMAL
2026-09-05 08:27:35.659585,SPLICE_004,120.83,82.96,14.46,1.35,0.8,CRITICAL
2026-09-05 08:27:37.659585,SPLICE_004,101.31,30.97,1.98,1.48,0.14,NORMAL
2026-09-05 08:27:39.659585,SPLICE_003,101.9,35.51,1.59,1.46,0.07,NORMAL
2026-09-05 08:27:41.659585,SPLICE_001,104.12,61.9,8.91,1.45,0.32,WARNING
2026-09-05 08:27:43.659585,SPLICE_003,101.03,33.58,2.42,1.47,0.15,NORMAL
2026-09-05 08:27:45.659585,SPLICE_004,102.38,33.54,2.35,1.55,0.02,NORMAL
2026-09-05 08:27:47.659585,SPLICE_004,103.54,54.81,3.72,1.24,0.23,WARNING
2026-09-05 08:27:49.659585,SPLICE_005,98.42,28.46,0.11,1.51,0.02,NORMAL
2026-09-05 08:27:51.659585,SPLICE_001,102.91,30.02,1.82,1.5,0.01,NORMAL
2026-09-05 08:27:53.659585,SPLICE_003,96.78,26.19,1.23,1.45,0.16,NORMAL
2026-09-05 08:27:55.659585,SPLICE_004,105.54,60.61,6.44,1.46,0.39,WARNING
2026-09-05 08:27:57.659585,SPLICE_001,101.27,23.8,2.06,1.51,0.07,NORMAL
2026-09-05 08:27:59.659585,SPLICE_005,98.29,31.68,2.01,1.55,0.09,NORMAL
2026-09-05 08:28:01.659585,SPLICE_001,103.6,36.19,2.21,1.48,0.05,NORMAL
2026-09-05 08:28:03.659585,SPLICE_003,101.69,32.8,2.24,1.57,0.1,NORMAL
2026-09-05 08:28:05.659585,SPLICE_004,100.78,27.46,1.97,1.41,0.06,NORMAL
2026-09-05 08:28:07.659585,SPLICE_001,100.67,25.26,1.37,1.5,0.06,NORMAL
2026-09-05 08:28:09.659585,SPLICE_005,99.34,30.78,2.83,1.46,0.06,NORMAL
2026-09-05 08:28:11.659585,SPLICE_003,99.45,26.11,2.73,1.48,0.06,NORMAL
2026-09-05 08:28:13.659585,SPLICE_004,100.53,30.97,2.85,1.49,0.08,NORMAL
2026-09-05 08:28:15.659585,SPLICE_005,105.8,70.85,10.14,1.27,0.48,WARNING
2026-09-05 08:28:17.659585,SPLICE_002,101.93,36.18,2.09,1.51,0.06,NORMAL
2026-09-05 08:28:19.659585,SPLICE_001,100.41,28.58,1.56,1.51,0.07,NORMAL
2026-09-05 08:28:21.659585,SPLICE_001,100.0,33.01,0.56,1.39,0.04,NORMAL
2026-09-05 08:28:23.659585,SPLICE_001,97.19,22.92,3.24,1.48,0.17,NORMAL
2026-09-05 08:28:25.659585,SPLICE_001,101.24,24.31,3.04,1.5,0.04,NORMAL
2026-09-05 08:28:27.659585,SPLICE_002,101.94,38.01,1.26,1.48,0.13,NORMAL
2026-09-05 08:28:29.659585,SPLICE_003,98.26,35.63,0.81,1.58,0.14,NORMAL
2026-09-05 08:28:31.659585,SPLICE_003,100.38,29.26,1.12,1.43,0.01,NORMAL
2026-09-05 08:28:33.659585,SPLICE_004,115.2,74.98,17.96,1.12,0.61,CRITICAL
2026-09-05 08:28:35.659585,SPLICE_002,96.95,24.33,1.78,1.37,0.08,NORMAL
2026-09-05 08:28:37.659585,SPLICE_002,104.83,33.92,1.98,1.49,0.19,NORMAL
2026-09-05 08:28:39.659585,SPLICE_005,104.04,31.08,3.05,1.46,0.15,NORMAL
2026-09-05 08:28:41.659585,SPLICE_002,107.32,55.16,8.35,1.46,0.25,WARNING
2026-09-05 08:28:43.659585,SPLICE_003,108.94,49.06,2.68,1.43,0.35,WARNING
2026-09-05 08:28:45.659585,SPLICE_004,100.33,30.25,2.17,1.51,0.16,NORMAL
2026-09-05 08:28:47.659585,SPLICE_005,95.45,25.32,1.6,1.49,0.05,NORMAL
2026-09-05 08:28:49.659585,SPLICE_001,99.79,21.78,1.82,1.58,0.01,NORMAL
2026-09-05 08:28:51.659585,SPLICE_003,107.61,55.41,6.59,1.33,0.29,WARNING
2026-09-05 08:28:53.659585,SPLICE_005,113.12,81.82,20.13,1.28,0.83,CRITICAL
2026-09-05 08:28:55.659585,SPLICE_004,106.98,52.04,4.4,1.56,0.47,WARNING
2026-09-05 08:28:57.659585,SPLICE_004,98.38,23.71,1.77,1.52,0.09,NORMAL
2026-09-05 08:28:59.659585,SPLICE_003,100.66,33.1,0.91,1.49,0.19,NORMAL
2026-09-05 08:29:01.659585,SPLICE_005,96.78,30.92,4.02,1.5,0.02,NORMAL
2026-09-05 08:29:03.659585,SPLICE_003,108.52,50.06,11.38,1.21,0.37,WARNING
2026-09-05 08:29:05.659585,SPLICE_002,97.15,28.67,1.57,1.53,0.19,NORMAL
2026-09-05 08:29:07.659585,SPLICE_002,106.14,57.65,6.15,1.24,0.44,WARNING
2026-09-05 08:29:09.659585,SPLICE_004,100.38,26.69,2.43,1.5,0.15,NORMAL
2026-09-05 08:29:11.659585,SPLICE_004,105.75,45.05,5.08,1.48,0.46,WARNING
2026-09-05 08:29:13.659585,SPLICE_004,98.09,32.36,3.48,1.52,0.1,NORMAL
2026-09-05 08:29:15.659585,SPLICE_002,101.24,28.96,2.63,1.44,0.04,NORMAL
2026-09-05 08:29:17.659585,SPLICE_001,101.76,27.74,1.53,1.51,0.09,NORMAL
2026-09-05 08:29:19.659585,SPLICE_005,99.96,27.57,1.2,1.52,0.06,NORMAL
2026-09-05 08:29:21.659585,SPLICE_001,108.23,53.55,5.7,1.53,0.36,WARNING
2026-09-05 08:29:23.659585,SPLICE_004,100.5,30.75,2.1,1.53,0.07,NORMAL
2026-09-05 08:29:25.659585,SPLICE_004,98.63,33.95,0.03,1.54,0.13,NORMAL
2026-09-05 08:29:27.659585,SPLICE_002,98.58,27.01,0.47,1.5,0.01,NORMAL
2026-09-05 08:29:29.659585,SPLICE_002,99.19,33.43,2.11,1.53,0.09,NORMAL
2026-09-05 08:29:31.659585,SPLICE_003,101.1,43.17,1.19,1.55,0.07,NORMAL
2026-09-05 08:29:33.659585,SPLICE_004,99.62,34.61,1.87,1.58,0.1,NORMAL
2026-09-05 08:29:35.659585,SPLICE_003,107.23,44.4,5.9,1.3,0.54,WARNING
2026-09-05 08:29:37.659585,SPLICE_005,94.79,30.99,2.44,1.52,0.07,NORMAL
2026-09-05 08:29:39.659585,SPLICE_003,102.07,33.7,1.05,1.52,0.18,NORMAL
2026-09-05 08:29:41.659585,SPLICE_004,100.66,57.56,5.99,1.39,0.25,WARNING
2026-09-05 08:29:43.659585,SPLICE_001,101.38,17.21,1.27,1.45,0.06,NORMAL
2026-09-05 08:29:45.659585,SPLICE_002,101.36,24.26,2.67,1.52,0.08,NORMAL
2026-09-05 08:29:47.659585,SPLICE_003,109.69,73.02,18.45,1.29,0.67,CRITICAL
2026-09-05 08:29:49.659585,SPLICE_001,101.57,28.74,1.4,1.57,0.12,NORMAL
2026-09-05 08:29:51.659585,SPLICE_001,104.2,56.83,10.6,1.44,0.27,WARNING
2026-09-05 08:29:53.659585,SPLICE_001,100.84,37.01,2.65,1.42,0.06,NORMAL
2026-09-05 08:29:55.659585,SPLICE_003,119.85,93.03,15.13,1.06,0.8,CRITICAL
2026-09-05 08:29:57.659585,SPLICE_001,101.21,29.08,2.53,1.54,0.14,NORMAL
2026-09-05 08:29:59.659585,SPLICE_001,101.63,29.63,3.09,1.55,0.17,NORMAL
2026-09-05 08:30:01.659585,SPLICE_003,101.68,26.91,1.44,1.44,0.07,NORMAL
2026-09-05 08:30:03.659585,SPLICE_002,102.12,34.69,2.63,1.5,0.1,NORMAL
2026-09-05 08:30:05.659585,SPLICE_005,97.82,28.06,2.7,1.54,0.08,NORMAL
2026-09-05 08:30:07.659585,SPLICE_002,99.88,32.27,2.77,1.45,0.16,NORMAL
2026-09-05 08:30:09.659585,SPLICE_001,101.0,30.25,2.01,1.47,0.14,NORMAL
2026-09-05 08:30:11.659585,SPLICE_004,99.52,31.35,2.24,1.57,0.08,NORMAL
2026-09-05 08:30:13.659585,SPLICE_002,99.04,25.69,2.69,1.48,0.13,NORMAL
2026-09-05 08:30:15.659585,SPLICE_005,98.7,33.86,3.11,1.6,0.17,NORMAL
2026-09-05 08:30:17.659585,SPLICE_004,99.26,30.72,0.22,1.52,0.06,NORMAL
2026-09-05 08:30:19.659585,SPLICE_004,102.5,22.42,3.22,1.46,0.08,NORMAL
2026-09-05 08:30:21.659585,SPLICE_001,104.39,41.34,4.77,1.52,0.22,WARNING
2026-09-05 08:30:23.659585,SPLICE_004,117.71,83.47,20.55,1.37,0.85,CRITICAL
2026-09-05 08:30:25.659585,SPLICE_005,99.28,23.37,1.59,1.51,0.06,NORMAL
2026-09-05 08:30:27.659585,SPLICE_004,112.46,68.32,9.69,1.21,0.99,CRITICAL
2026-09-05 08:30:29.659585,SPLICE_005,99.54,25.38,2.89,1.55,0.08,NORMAL
2026-09-05 08:30:31.659585,SPLICE_004,97.78,21.69,1.17,1.47,0.1,NORMAL
2026-09-05 08:30:33.659585,SPLICE_004,103.23,46.97,7.41,1.41,0.44,WARNING
2026-09-05 08:30:35.659585,SPLICE_002,114.58,86.86,15.79,1.08,0.85,CRITICAL
2026-09-05 08:30:37.659585,SPLICE_004,97.4,34.15,2.81,1.44,0.14,NORMAL
2026-09-05 08:30:39.659585,SPLICE_004,96.85,34.63,2.66,1.42,0.17,NORMAL
2026-09-05 08:30:41.659585,SPLICE_005,101.1,31.7,2.39,1.43,0.14,NORMAL
2026-09-05 08:30:43.659585,SPLICE_003,98.27,38.48,2.04,1.49,0.05,NORMAL
2026-09-05 08:30:45.659585,SPLICE_004,101.14,29.69,3.12,1.48,0.04,NORMAL
2026-09-05 08:30:47.659585,SPLICE_005,103.41,53.87,7.63,1.42,0.37,WARNING
2026-09-05 08:30:49.659585,SPLICE_001,112.82,68.93,22.0,1.41,0.86,CRITICAL
2026-09-05 08:30:51.659585,SPLICE_004,108.42,47.21,7.72,1.46,0.21,WARNING
2026-09-05 08:30:53.659585,SPLICE_003,103.65,49.48,5.17,1.32,0.23,WARNING
2026-09-05 08:30:55.659585,SPLICE_002,103.41,28.5,3.61,1.55,0.02,NORMAL
2026-09-05 08:30:57.659585,SPLICE_003,101.0,32.36,2.08,1.54,0.04,NORMAL
2026-09-05 08:30:59.659585,SPLICE_002,102.83,33.41,2.15,1.59,0.01,NORMAL
2026-09-05 08:31:01.659585,SPLICE_002,101.37,28.95,3.07,1.62,0.05,NORMAL
2026-09-05 08:31:03.659585,SPLICE_001,101.62,28.65,3.11,1.53,0.09,NORMAL
2026-09-05 08:31:05.659585,SPLICE_004,97.32,33.46,1.39,1.59,0.09,NORMAL
2026-09-05 08:31:07.659585,SPLICE_003,107.61,56.47,6.04,1.22,0.21,WARNING
2026-09-05 08:31:09.659585,SPLICE_001,115.13,65.8,14.94,1.1,0.97,CRITICAL
2026-09-05 08:31:11.659585,SPLICE_003,106.76,51.99,10.5,1.3,0.3,WARNING
2026-09-05 08:31:13.659585,SPLICE_002,99.44,28.6,2.79,1.52,0.16,NORMAL
2026-09-05 08:31:15.659585,SPLICE_005,103.92,57.64,4.98,1.29,0.3,WARNING
2026-09-05 08:31:17.659585,SPLICE_003,105.9,36.22,0.65,1.43,0.17,NORMAL
2026-09-05 08:31:19.659585,SPLICE_003,104.0,63.04,4.71,1.26,0.4,WARNING
2026-09-05 08:31:21.659585,SPLICE_003,113.85,76.49,15.7,1.65,0.68,CRITICAL
2026-09-05 08:31:23.659585,SPLICE_004,117.09,93.47,15.7,1.22,0.9,CRITICAL
2026-09-05 08:31:25.659585,SPLICE_003,112.17,45.95,7.95,1.31,0.27,WARNING
2026-09-05 08:31:27.659585,SPLICE_003,102.89,60.95,7.22,1.57,0.26,WARNING
2026-09-05 08:31:29.659585,SPLICE_004,111.45,72.41,14.13,1.15,0.81,CRITICAL
2026-09-05 08:31:31.659585,SPLICE_002,101.75,59.8,6.71,1.34,0.29,WARNING
2026-09-05 08:31:33.659585,SPLICE_002,109.06,71.71,3.83,1.21,0.42,WARNING
2026-09-05 08:31:35.659585,SPLICE_004,120.43,95.55,15.0,1.01,0.76,CRITICAL
2026-09-05 08:31:37.659585,SPLICE_005,100.66,34.62,0.99,1.5,0.12,NORMAL
2026-09-05 08:31:39.659585,SPLICE_004,99.33,26.05,2.43,1.46,0.04,NORMAL
2026-09-05 08:31:41.659585,SPLICE_005,101.72,28.83,2.04,1.43,0.08,NORMAL
2026-09-05 08:31:43.659585,SPLICE_003,99.91,26.18,4.03,1.55,0.14,NORMAL
2026-09-05 08:31:45.659585,SPLICE_003,100.56,38.79,2.37,1.52,0.17,NORMAL
2026-09-05 08:31:47.659585,SPLICE_003,95.83,29.07,1.76,1.57,0.04,NORMAL
2026-09-05 08:31:49.659585,SPLICE_002,98.4,29.68,3.24,1.48,0.18,NORMAL
2026-09-05 08:31:51.659585,SPLICE_005,105.17,62.53,7.99,1.4,0.23,WARNING
2026-09-05 08:31:53.659585,SPLICE_005,98.79,31.06,3.2,1.48,0.09,NORMAL
2026-09-05 08:31:55.659585,SPLICE_005,97.84,26.56,0.75,1.43,0.01,NORMAL
2026-09-05 08:31:57.659585,SPLICE_001,98.79,18.97,2.9,1.56,0.14,NORMAL
2026-09-05 08:31:59.659585,SPLICE_004,113.96,106.1,16.07,1.43,0.63,CRITICAL
2026-09-05 08:32:01.659585,SPLICE_003,100.91,37.28,2.7,1.54,0.16,NORMAL
2026-09-05 08:32:03.659585,SPLICE_001,97.71,30.29,3.07,1.58,0.15,NORMAL
2026-09-05 08:32:05.659585,SPLICE_001,99.11,27.6,2.3,1.52,0.18,NORMAL
2026-09-05 08:32:07.659585,SPLICE_004,101.08,37.21,2.78,1.52,0.12,NORMAL
2026-09-05 08:32:09.659585,SPLICE_002,102.9,58.18,10.62,1.38,0.31,WARNING
2026-09-05 08:32:11.659585,SPLICE_002,98.74,24.96,1.24,1.47,0.08,NORMAL
2026-09-05 08:32:13.659585,SPLICE_003,100.03,34.51,1.09,1.58,0.16,NORMAL
2026-09-05 08:32:15.659585,SPLICE_005,102.22,32.98,2.93,1.45,0.05,NORMAL
2026-09-05 08:32:17.659585,SPLICE_002,106.52,59.43,4.65,1.31,0.28,WARNING
2026-09-05 08:32:19.659585,SPLICE_001,102.96,60.61,3.95,1.46,0.46,WARNING
2026-09-05 08:32:21.659585,SPLICE_005,101.1,33.13,1.3,1.53,0.02,NORMAL
2026-09-05 08:32:23.659585,SPLICE_003,98.1,37.17,1.54,1.5,0.05,NORMAL
2026-09-05 08:32:25.659585,SPLICE_003,100.7,22.18,2.1,1.49,0.06,NORMAL
2026-09-05 08:32:27.659585,SPLICE_004,118.35,82.08,13.12,1.3,0.83,CRITICAL
2026-09-05 08:32:29.659585,SPLICE_003,101.51,33.06,0.98,1.49,0.0,NORMAL
2026-09-05 08:32:31.659585,SPLICE_003,102.43,27.01,0.19,1.53,0.13,NORMAL
2026-09-05 08:32:33.659585,SPLICE_003,101.24,36.64,2.39,1.55,0.11,NORMAL
2026-09-05 08:32:35.659585,SPLICE_003,101.93,31.65,3.63,1.59,0.2,NORMAL
2026-09-05 08:32:37.659585,SPLICE_001,113.24,100.63,11.73,1.43,0.69,CRITICAL
2026-09-05 08:32:39.659585,SPLICE_004,101.41,30.8,1.79,1.53,0.11,NORMAL
2026-09-05 08:32:41.659585,SPLICE_002,101.25,34.43,1.41,1.51,0.09,NORMAL
2026-09-05 08:32:43.659585,SPLICE_005,120.95,96.71,17.23,1.18,0.67,CRITICAL
2026-09-05 08:32:45.659585,SPLICE_001,111.89,55.03,9.02,1.53,0.31,WARNING
2026-09-05 08:32:47.659585,SPLICE_002,117.02,74.78,10.18,1.26,0.88,CRITICAL
2026-09-05 08:32:49.659585,SPLICE_005,103.97,27.35,1.66,1.52,0.0,NORMAL
2026-09-05 08:32:51.659585,SPLICE_005,101.05,36.65,2.85,1.52,0.16,NORMAL
2026-09-05 08:32:53.659585,SPLICE_002,106.13,59.47,1.94,1.37,0.26,WARNING
2026-09-05 08:32:55.659585,SPLICE_002,96.69,32.69,2.15,1.54,0.12,NORMAL
2026-09-05 08:32:57.659585,SPLICE_002,104.6,53.79,6.85,1.35,0.23,WARNING
2026-09-05 08:32:59.659585,SPLICE_005,101.86,31.31,2.33,1.54,0.04,NORMAL
2026-09-05 08:33:01.659585,SPLICE_002,118.15,76.96,18.58,1.11,1.0,CRITICAL
2026-09-05 08:33:03.659585,SPLICE_005,100.58,30.37,3.19,1.49,0.01,NORMAL
2026-09-05 08:33:05.659585,SPLICE_002,98.97,29.02,1.79,1.46,0.01,NORMAL
2026-09-05 08:33:07.659585,SPLICE_001,98.68,26.48,0.27,1.49,0.02,NORMAL
2026-09-05 08:33:09.659585,SPLICE_003,105.23,53.07,6.88,1.45,0.31,WARNING
2026-09-05 08:33:11.659585,SPLICE_002,98.77,35.26,0.99,1.46,0.03,NORMAL
2026-09-05 08:33:13.659585,SPLICE_001,98.46,23.52,1.54,1.51,0.04,NORMAL
2026-09-05 08:33:15.659585,SPLICE_001,99.24,31.66,2.88,1.48,0.03,NORMAL
2026-09-05 08:33:17.659585,SPLICE_004,99.94,25.76,2.57,1.41,0.16,NORMAL
2026-09-05 08:33:19.659585,SPLICE_001,100.47,24.68,0.83,1.5,0.12,NORMAL
2026-09-05 08:33:21.659585,SPLICE_003,99.81,21.12,1.92,1.46,0.06,NORMAL
2026-09-05 08:33:23.659585,SPLICE_001,97.63,18.39,2.54,1.58,0.13,NORMAL
2026-09-05 08:33:25.659585,SPLICE_002,117.41,88.69,16.58,0.91,0.94,CRITICAL
2026-09-05 08:33:27.659585,SPLICE_001,102.45,51.0,10.41,1.39,0.4,WARNING
2026-09-05 08:33:29.659585,SPLICE_005,102.49,29.69,2.95,1.48,0.08,NORMAL
2026-09-05 08:33:31.659585,SPLICE_001,98.95,20.18,1.51,1.52,0.04,NORMAL
2026-09-05 08:33:33.659585,SPLICE_004,111.71,68.01,11.44,1.38,0.29,WARNING
2026-09-05 08:33:35.659585,SPLICE_004,95.81,34.32,1.11,1.52,0.11,NORMAL
2026-09-05 08:33:37.659585,SPLICE_004,104.23,48.3,5.78,1.35,0.53,WARNING
2026-09-05 08:33:39.659585,SPLICE_004,100.76,29.05,2.07,1.52,0.03,NORMAL
2026-09-05 08:33:41.659585,SPLICE_001,102.44,27.43,1.28,1.49,0.11,NORMAL
2026-09-05 08:33:43.659585,SPLICE_002,100.8,32.34,2.52,1.45,0.04,NORMAL
2026-09-05 08:33:45.659585,SPLICE_003,100.82,28.46,1.16,1.46,0.0,NORMAL
2026-09-05 08:33:47.659585,SPLICE_005,100.59,31.88,3.35,1.53,0.03,NORMAL
2026-09-05 08:33:49.659585,SPLICE_003,95.83,27.08,1.97,1.45,0.18,NORMAL
2026-09-05 08:33:51.659585,SPLICE_005,98.69,26.34,1.93,1.54,0.09,NORMAL
2026-09-05 08:33:53.659585,SPLICE_004,98.79,32.29,0.75,1.48,0.12,NORMAL
2026-09-05 08:33:55.659585,SPLICE_004,102.34,28.17,1.4,1.44,0.1,NORMAL
2026-09-05 08:33:57.659585,SPLICE_001,108.3,56.72,8.02,1.79,0.22,WARNING
2026-09-05 08:33:59.659585,SPLICE_005,106.17,50.9,9.4,1.38,0.26,WARNING
2026-09-05 08:34:01.659585,SPLICE_002,99.91,27.88,1.43,1.52,0.12,NORMAL
2026-09-05 08:34:03.659585,SPLICE_002,98.37,27.27,3.22,1.48,0.08,NORMAL
2026-09-05 08:34:05.659585,SPLICE_004,98.93,31.79,1.27,1.54,0.14,NORMAL
2026-09-05 08:34:07.659585,SPLICE_001,101.49,30.57,1.36,1.49,0.0,NORMAL
2026-09-05 08:34:09.659585,SPLICE_003,100.2,36.48,1.28,1.54,0.07,NORMAL
2026-09-05 08:34:11.659585,SPLICE_003,117.53,86.96,17.78,0.98,0.87,CRITICAL
2026-09-05 08:34:13.659585,SPLICE_004,101.74,27.72,1.11,1.55,0.06,NORMAL
2026-09-05 08:34:15.659585,SPLICE_001,101.98,35.19,0.91,1.44,0.02,NORMAL
2026-09-05 08:34:17.659585,SPLICE_001,101.08,51.86,8.99,1.35,0.57,WARNING
2026-09-05 08:34:19.659585,SPLICE_003,104.59,45.76,4.81,1.43,0.59,WARNING
2026-09-05 08:34:21.659585,SPLICE_005,100.17,15.04,1.81,1.42,0.13,NORMAL
2026-09-05 08:34:23.659585,SPLICE_005,101.65,34.08,2.87,1.51,0.16,NORMAL
2026-09-05 08:34:25.659585,SPLICE_001,98.1,38.74,2.93,1.49,0.18,NORMAL
2026-09-05 08:34:27.659585,SPLICE_004,105.19,59.75,4.79,1.49,0.28,WARNING
2026-09-05 08:34:29.659585,SPLICE_001,112.36,74.43,19.89,1.16,0.65,CRITICAL
2026-09-05 08:34:31.659585,SPLICE_005,100.46,38.56,1.94,1.41,0.06,NORMAL
2026-09-05 08:34:33.659585,SPLICE_001,97.26,39.94,2.91,1.51,0.07,NORMAL
2026-09-05 08:34:35.659585,SPLICE_002,101.7,36.26,3.91,1.54,0.18,NORMAL
2026-09-05 08:34:37.659585,SPLICE_004,96.69,25.2,1.88,1.5,0.12,NORMAL
2026-09-05 08:34:39.659585,SPLICE_001,97.94,29.51,2.15,1.47,0.15,NORMAL
2026-09-05 08:34:41.659585,SPLICE_005,100.14,28.94,1.05,1.5,0.03,NORMAL
2026-09-05 08:34:43.659585,SPLICE_003,96.51,32.91,1.93,1.52,0.07,NORMAL
2026-09-05 08:34:45.659585,SPLICE_004,104.76,70.1,8.11,1.27,0.3,WARNING
2026-09-05 08:34:47.659585,SPLICE_005,96.27,35.14,2.43,1.52,0.1,NORMAL
2026-09-05 08:34:49.659585,SPLICE_005,97.43,23.01,1.42,1.55,0.04,NORMAL
2026-09-05 08:34:51.659585,SPLICE_003,99.86,25.74,3.23,1.5,0.04,NORMAL
2026-09-05 08:34:53.659585,SPLICE_003,109.6,51.29,6.18,1.52,0.38,WARNING
2026-09-05 08:34:55.659585,SPLICE_003,117.05,83.13,16.34,1.49,0.61,CRITICAL
2026-09-05 08:34:57.659585,SPLICE_003,95.02,26.71,2.45,1.45,0.19,NORMAL
2026-09-05 08:34:59.659585,SPLICE_002,103.45,32.5,1.87,1.46,0.02,NORMAL
2026-09-05 08:35:01.659585,SPLICE_004,101.22,30.78,1.41,1.51,0.07,NORMAL
2026-09-05 08:35:03.659585,SPLICE_001,95.63,35.72,2.4,1.52,0.12,NORMAL
2026-09-05 08:35:05.659585,SPLICE_005,97.26,26.45,1.71,1.46,0.08,NORMAL
2026-09-05 08:35:07.659585,SPLICE_004,102.31,36.43,1.83,1.47,0.04,NORMAL
2026-09-05 08:35:09.659585,SPLICE_002,100.63,28.34,1.91,1.47,0.03,NORMAL
2026-09-05 08:35:11.659585,SPLICE_003,106.46,63.15,7.03,1.24,0.49,WARNING
2026-09-05 08:35:13.659585,SPLICE_005,100.45,33.46,0.73,1.59,0.15,NORMAL
2026-09-05 08:35:15.659585,SPLICE_001,103.98,31.75,3.63,1.47,0.16,NORMAL
2026-09-05 08:35:17.659585,SPLICE_005,100.47,28.76,3.2,1.51,0.09,NORMAL
2026-09-05 08:35:19.659585,SPLICE_001,101.46,28.93,2.65,1.48,0.1,NORMAL
2026-09-05 08:35:21.659585,SPLICE_004,96.1,30.72,0.18,1.54,0.01,NORMAL
2026-09-05 08:35:23.659585,SPLICE_004,103.02,26.54,3.31,1.44,0.16,NORMAL
2026-09-05 08:35:25.659585,SPLICE_002,105.61,59.64,5.59,1.49,0.6,WARNING
2026-09-05 08:35:27.659585,SPLICE_001,100.15,28.32,3.28,1.55,0.02,NORMAL
2026-09-05 08:35:29.659585,SPLICE_001,97.41,32.86,2.45,1.41,0.08,NORMAL
2026-09-05 08:35:31.659585,SPLICE_005,99.34,28.31,3.5,1.48,0.18,NORMAL
2026-09-05 08:35:33.659585,SPLICE_003,99.61,26.22,3.05,1.58,0.03,NORMAL
2026-09-05 08:35:35.659585,SPLICE_004,113.13,79.93,12.62,1.18,0.62,CRITICAL
2026-09-05 08:35:37.659585,SPLICE_001,96.18,36.59,2.07,1.48,0.0,NORMAL
2026-09-05 08:35:39.659585,SPLICE_003,111.62,95.05,15.39,1.12,0.76,CRITICAL
2026-09-05 08:35:41.659585,SPLICE_002,106.12,58.54,8.9,1.3,0.31,WARNING
2026-09-05 08:35:43.659585,SPLICE_003,99.52,33.9,1.37,1.5,0.09,NORMAL
2026-09-05 08:35:45.659585,SPLICE_001,100.86,32.35,1.29,1.46,0.16,NORMAL
2026-09-05 08:35:47.659585,SPLICE_004,96.03,26.95,2.68,1.46,0.01,NORMAL
2026-09-05 08:35:49.659585,SPLICE_004,94.19,28.13,0.96,1.42,0.11,NORMAL
2026-09-05 08:35:51.659585,SPLICE_002,100.5,24.07,2.61,1.54,0.03,NORMAL
2026-09-05 08:35:53.659585,SPLICE_003,99.08,26.53,0.85,1.41,0.14,NORMAL
2026-09-05 08:35:55.659585,SPLICE_001,103.14,25.7,2.53,1.44,0.05,NORMAL
2026-09-05 08:35:57.659585,SPLICE_004,109.99,77.48,9.13,1.12,0.87,CRITICAL
2026-09-05 08:35:59.659585,SPLICE_003,101.03,34.86,1.62,1.56,0.03,NORMAL
2026-09-05 08:36:01.659585,SPLICE_005,98.44,36.65,0.8,1.54,0.02,NORMAL
2026-09-05 08:36:03.659585,SPLICE_004,101.21,35.58,3.05,1.51,0.06,NORMAL
2026-09-05 08:36:05.659585,SPLICE_004,104.56,26.91,0.46,1.41,0.07,NORMAL
2026-09-05 08:36:07.659585,SPLICE_003,102.29,31.05,2.93,1.53,0.11,NORMAL
2026-09-05 08:36:09.659585,SPLICE_005,98.1,26.62,1.23,1.54,0.17,NORMAL
2026-09-05 08:36:11.659585,SPLICE_003,99.09,34.47,2.9,1.58,0.12,NORMAL
2026-09-05 08:36:13.659585,SPLICE_001,101.47,38.91,0.34,1.47,0.15,NORMAL
2026-09-05 08:36:15.659585,SPLICE_005,101.46,24.81,2.62,1.43,0.15,NORMAL
2026-09-05 08:36:17.659585,SPLICE_001,100.57,25.06,1.15,1.56,0.1,NORMAL
2026-09-05 08:36:19.659585,SPLICE_003,105.37,59.27,6.37,1.4,0.23,WARNING
2026-09-05 08:36:21.659585,SPLICE_002,97.86,39.56,0.72,1.51,0.06,NORMAL
2026-09-05 08:36:23.659585,SPLICE_002,100.44,30.39,3.62,1.6,0.1,NORMAL
2026-09-05 08:36:25.659585,SPLICE_001,96.66,35.29,1.83,1.54,0.03,NORMAL
2026-09-05 08:36:27.659585,SPLICE_002,110.01,95.37,22.61,1.24,0.96,CRITICAL
2026-09-05 08:36:29.659585,SPLICE_003,101.28,35.29,2.37,1.51,0.06,NORMAL
2026-09-05 08:36:31.659585,SPLICE_002,101.31,24.31,3.21,1.59,0.0,NORMAL
2026-09-05 08:36:33.659585,SPLICE_002,98.19,35.86,2.67,1.6,0.07,NORMAL
2026-09-05 08:36:35.659585,SPLICE_002,98.48,31.44,3.54,1.47,0.16,NORMAL
2026-09-05 08:36:37.659585,SPLICE_001,98.17,36.78,3.17,1.51,0.19,NORMAL
2026-09-05 08:36:39.659585,SPLICE_004,101.22,43.83,2.1,1.46,0.08,NORMAL
2026-09-05 08:36:41.659585,SPLICE_005,101.32,67.03,6.34,1.38,0.33,WARNING
2026-09-05 08:36:43.659585,SPLICE_004,99.94,31.37,3.07,1.5,0.2,NORMAL
2026-09-05 08:36:45.659585,SPLICE_005,102.55,31.69,0.79,1.45,0.08,NORMAL
2026-09-05 08:36:47.659585,SPLICE_005,102.41,35.71,1.21,1.48,0.13,NORMAL
2026-09-05 08:36:49.659585,SPLICE_003,100.43,24.87,3.1,1.55,0.15,NORMAL
2026-09-05 08:36:51.659585,SPLICE_001,100.0,35.42,2.75,1.57,0.04,NORMAL
2026-09-05 08:36:53.659585,SPLICE_003,112.26,46.88,6.28,1.44,0.25,WARNING
2026-09-05 08:36:55.659585,SPLICE_005,105.11,26.79,1.15,1.5,0.01,NORMAL
2026-09-05 08:36:57.659585,SPLICE_005,100.39,25.48,0.45,1.51,0.13,NORMAL
2026-09-05 08:36:59.659585,SPLICE_004,103.94,29.9,1.16,1.45,0.12,NORMAL
2026-09-05 08:37:01.659585,SPLICE_001,103.18,32.87,3.4,1.43,0.09,NORMAL
2026-09-05 08:37:03.659585,SPLICE_003,101.2,25.4,0.03,1.54,0.18,NORMAL
2026-09-05 08:37:05.659585,SPLICE_001,97.95,36.15,1.04,1.58,0.15,NORMAL
2026-09-05 08:37:07.659585,SPLICE_005,95.49,24.11,2.22,1.45,0.19,NORMAL
2026-09-05 08:37:09.659585,SPLICE_005,98.81,29.17,2.08,1.39,0.03,NORMAL
2026-09-05 08:37:11.659585,SPLICE_001,95.87,26.57,1.07,1.49,0.18,NORMAL
2026-09-05 08:37:13.659585,SPLICE_005,96.41,23.22,1.29,1.6,0.13,NORMAL
2026-09-05 08:37:15.659585,SPLICE_003,100.35,32.55,4.44,1.47,0.12,NORMAL
2026-09-05 08:37:17.659585,SPLICE_005,96.63,24.88,1.72,1.45,0.03,NORMAL
2026-09-05 08:37:19.659585,SPLICE_001,98.32,33.38,2.08,1.47,0.12,NORMAL
2026-09-05 08:37:21.659585,SPLICE_003,116.06,95.27,19.42,1.12,0.82,CRITICAL
2026-09-05 08:37:23.659585,SPLICE_001,100.25,26.04,1.8,1.54,0.06,NORMAL
2026-09-05 08:37:25.659585,SPLICE_002,99.85,29.62,3.97,1.43,0.02,NORMAL
2026-09-05 08:37:27.659585,SPLICE_004,121.01,88.17,14.82,1.08,0.85,CRITICAL
2026-09-05 08:37:29.659585,SPLICE_005,100.98,32.85,2.2,1.5,0.02,NORMAL
2026-09-05 08:37:31.659585,SPLICE_002,101.12,25.93,1.9,1.48,0.1,NORMAL
2026-09-05 08:37:33.659585,SPLICE_003,101.36,30.63,1.78,1.6,0.16,NORMAL
2026-09-05 08:37:35.659585,SPLICE_003,98.82,34.22,1.83,1.45,0.13,NORMAL
2026-09-05 08:37:37.659585,SPLICE_001,104.35,53.82,8.68,1.42,0.35,WARNING
2026-09-05 08:37:39.659585,SPLICE_003,99.41,22.75,2.33,1.56,0.07,NORMAL
2026-09-05 08:37:41.659585,SPLICE_001,100.51,36.92,2.44,1.56,0.16,NORMAL
2026-09-05 08:37:43.659585,SPLICE_004,96.96,38.73,2.05,1.53,0.12,NORMAL
2026-09-05 08:37:45.659585,SPLICE_005,107.72,44.79,4.42,1.43,0.22,WARNING
2026-09-05 08:37:47.659585,SPLICE_003,102.8,32.77,0.46,1.51,0.13,NORMAL
2026-09-05 08:37:49.659585,SPLICE_002,114.44,76.95,13.45,1.14,0.68,CRITICAL
2026-09-05 08:37:51.659585,SPLICE_003,112.31,83.64,16.14,0.83,0.79,CRITICAL
2026-09-05 08:37:53.659585,SPLICE_004,102.18,28.12,2.02,1.44,0.01,NORMAL
2026-09-05 08:37:55.659585,SPLICE_001,100.25,26.33,3.01,1.51,0.11,NORMAL
2026-09-05 08:37:57.659585,SPLICE_004,100.35,23.32,1.59,1.51,0.19,NORMAL
2026-09-05 08:37:59.659585,SPLICE_003,104.54,61.57,3.72,1.41,0.34,WARNING
2026-09-05 08:38:01.659585,SPLICE_005,101.96,19.47,3.15,1.57,0.08,NORMAL
2026-09-05 08:38:03.659585,SPLICE_004,94.72,28.38,2.11,1.53,0.15,NORMAL
2026-09-05 08:38:05.659585,SPLICE_001,98.15,22.01,1.67,1.49,0.04,NORMAL
2026-09-05 08:38:07.659585,SPLICE_002,118.1,95.4,9.38,1.6,0.97,CRITICAL
2026-09-05 08:38:09.659585,SPLICE_003,114.08,81.43,19.72,1.11,1.0,CRITICAL
2026-09-05 08:38:11.659585,SPLICE_004,101.01,28.26,1.5,1.53,0.08,NORMAL
2026-09-05 08:38:13.659585,SPLICE_002,100.65,29.69,2.5,1.47,0.07,NORMAL
2026-09-05 08:38:15.659585,SPLICE_003,104.34,67.79,9.4,1.43,0.52,WARNING
2026-09-05 08:38:17.659585,SPLICE_001,98.41,32.12,3.28,1.39,0.08,NORMAL
2026-09-05 08:38:19.659585,SPLICE_005,106.47,55.05,7.8,1.32,0.36,WARNING
2026-09-05 08:38:21.659585,SPLICE_005,98.84,24.13,1.8,1.6,0.08,NORMAL
2026-09-05 08:38:23.659585,SPLICE_003,109.43,41.14,4.64,1.43,0.39,WARNING
2026-09-05 08:38:25.659585,SPLICE_005,104.19,37.97,2.68,1.46,0.01,NORMAL
2026-09-05 08:38:27.659585,SPLICE_004,102.41,26.88,0.38,1.52,0.14,NORMAL
2026-09-05 08:38:29.659585,SPLICE_002,110.13,57.51,8.37,1.55,0.4,WARNING
2026-09-05 08:38:31.659585,SPLICE_005,104.81,50.1,10.62,1.25,0.41,WARNING
2026-09-05 08:38:33.659585,SPLICE_002,100.48,54.74,8.28,1.41,0.27,WARNING
2026-09-05 08:38:35.659585,SPLICE_001,98.22,29.69,2.85,1.61,0.08,NORMAL
2026-09-05 08:38:37.659585,SPLICE_002,119.79,85.52,15.92,1.36,0.96,CRITICAL
2026-09-05 08:38:39.659585,SPLICE_005,102.51,31.96,3.56,1.48,0.18,NORMAL
2026-09-05 08:38:41.659585,SPLICE_004,97.46,31.43,1.17,1.47,0.05,NORMAL
2026-09-05 08:38:43.659585,SPLICE_002,101.05,20.83,0.44,1.59,0.12,NORMAL
2026-09-05 08:38:45.659585,SPLICE_004,115.36,72.06,12.22,1.06,0.76,CRITICAL
2026-09-05 08:38:47.659585,SPLICE_002,102.67,35.91,1.89,1.55,0.11,NORMAL
2026-09-05 08:38:49.659585,SPLICE_005,121.3,96.46,11.11,1.35,0.95,CRITICAL
2026-09-05 08:38:51.659585,SPLICE_004,105.17,58.61,6.05,1.36,0.54,WARNING
2026-09-05 08:38:53.659585,SPLICE_004,104.1,30.0,2.78,1.46,0.15,NORMAL
2026-09-05 08:38:55.659585,SPLICE_004,110.97,68.07,17.24,1.23,0.72,CRITICAL
2026-09-05 08:38:57.659585,SPLICE_002,108.08,60.88,5.03,1.37,0.47,WARNING
2026-09-05 08:38:59.659585,SPLICE_002,107.59,67.98,7.04,1.25,0.32,WARNING
2026-09-05 08:39:01.659585,SPLICE_001,103.8,25.26,1.17,1.54,0.08,NORMAL
2026-09-05 08:39:03.659585,SPLICE_003,98.33,26.81,2.11,1.5,0.07,NORMAL
2026-09-05 08:39:05.659585,SPLICE_001,107.26,57.13,6.32,1.44,0.58,WARNING
2026-09-05 08:39:07.659585,SPLICE_005,101.48,45.74,6.95,1.33,0.24,WARNING
2026-09-05 08:39:09.659585,SPLICE_003,98.38,24.43,2.26,1.51,0.06,NORMAL
2026-09-05 08:39:11.659585,SPLICE_002,98.87,32.12,2.33,1.51,0.14,NORMAL
2026-09-05 08:39:13.659585,SPLICE_005,100.01,19.57,2.16,1.61,0.02,NORMAL
2026-09-05 08:39:15.659585,SPLICE_004,101.98,26.92,1.87,1.52,0.13,NORMAL
2026-09-05 08:39:17.659585,SPLICE_002,108.19,59.72,6.72,1.43,0.54,WARNING
2026-09-05 08:39:19.659585,SPLICE_003,117.01,77.78,18.38,1.37,0.7,CRITICAL
2026-09-05 08:39:21.659585,SPLICE_004,99.87,30.36,2.07,1.49,0.1,NORMAL
2026-09-05 08:39:23.659585,SPLICE_005,99.3,35.25,2.34,1.48,0.11,NORMAL
2026-09-05 08:39:25.659585,SPLICE_004,118.02,76.49,24.94,1.24,0.78,CRITICAL
2026-09-05 08:39:27.659585,SPLICE_003,100.76,31.89,1.41,1.52,0.17,NORMAL
2026-09-05 08:39:29.659585,SPLICE_003,121.09,95.57,18.49,1.15,0.89,CRITICAL
2026-09-05 08:39:31.659585,SPLICE_003,105.34,47.57,7.15,1.42,0.45,WARNING
2026-09-05 08:39:33.659585,SPLICE_002,98.17,25.82,1.86,1.52,0.16,NORMAL
2026-09-05 08:39:35.659585,SPLICE_004,97.95,28.49,2.02,1.49,0.2,NORMAL
2026-09-05 08:39:37.659585,SPLICE_002,101.69,44.47,7.56,1.19,0.38,WARNING
2026-09-05 08:39:39.659585,SPLICE_004,100.03,35.24,0.86,1.5,0.2,NORMAL
2026-09-05 08:39:41.659585,SPLICE_001,114.09,83.94,18.98,1.46,0.77,CRITICAL
2026-09-05 08:39:43.659585,SPLICE_001,102.8,28.09,2.51,1.48,0.13,NORMAL
2026-09-05 08:39:45.659585,SPLICE_002,97.6,18.42,2.86,1.46,0.1,NORMAL
2026-09-05 08:39:47.659585,SPLICE_005,101.79,21.64,2.0,1.5,0.18,NORMAL
2026-09-05 08:39:49.659585,SPLICE_001,104.63,53.73,6.26,1.27,0.29,WARNING
2026-09-05 08:39:51.659585,SPLICE_002,100.96,33.4,2.15,1.49,0.19,NORMAL
2026-09-05 08:39:53.659585,SPLICE_001,98.01,29.09,0.18,1.51,0.07,NORMAL
2026-09-05 08:39:55.659585,SPLICE_005,102.91,34.04,1.89,1.48,0.16,NORMAL
2026-09-05 08:39:57.659585,SPLICE_001,103.92,39.25,7.21,1.6,0.54,WARNING
2026-09-05 08:39:59.659585,SPLICE_004,99.58,37.52,1.99,1.51,0.2,NORMAL
2026-09-05 08:40:01.659585,SPLICE_001,98.37,34.12,2.23,1.5,0.17,NORMAL
2026-09-05 08:40:03.659585,SPLICE_005,100.58,27.19,0.58,1.47,0.16,NORMAL
2026-09-05 08:40:05.659585,SPLICE_002,102.0,27.51,1.22,1.46,0.01,NORMAL
2026-09-05 08:40:07.659585,SPLICE_001,100.47,23.37,1.34,1.42,0.08,NORMAL
2026-09-05 08:40:09.659585,SPLICE_002,95.85,29.57,1.85,1.48,0.06,NORMAL
2026-09-05 08:40:11.659585,SPLICE_002,98.16,27.54,1.62,1.51,0.13,NORMAL
2026-09-05 08:40:13.659585,SPLICE_001,100.36,36.52,2.59,1.48,0.03,NORMAL
2026-09-05 08:40:15.659585,SPLICE_003,103.14,30.34,1.36,1.46,0.06,NORMAL
2026-09-05 08:40:17.659585,SPLICE_005,97.22,22.0,0.78,1.51,0.14,NORMAL
2026-09-05 08:40:19.659585,SPLICE_005,98.98,25.51,3.45,1.5,0.15,NORMAL
2026-09-05 08:40:21.659585,SPLICE_004,103.02,58.36,5.29,1.41,0.35,WARNING
2026-09-05 08:40:23.659585,SPLICE_001,98.99,29.53,1.87,1.52,0.01,NORMAL
2026-09-05 08:40:25.659585,SPLICE_003,99.2,24.08,1.6,1.51,0.2,NORMAL
2026-09-05 08:40:27.659585,SPLICE_001,102.63,27.17,3.2,1.43,0.04,NORMAL
2026-09-05 08:40:29.659585,SPLICE_001,102.36,32.4,1.8,1.47,0.06,NORMAL
2026-09-05 08:40:31.659585,SPLICE_001,101.79,65.56,7.6,1.29,0.53,WARNING
2026-09-05 08:40:33.659585,SPLICE_003,98.06,28.45,1.39,1.46,0.06,NORMAL
2026-09-05 08:40:35.659585,SPLICE_003,102.37,38.37,1.01,1.57,0.16,NORMAL
2026-09-05 08:40:37.659585,SPLICE_002,105.55,43.53,5.95,1.45,0.24,WARNING
2026-09-05 08:40:39.659585,SPLICE_004,113.36,93.01,10.56,1.37,0.62,CRITICAL
2026-09-05 08:40:41.659585,SPLICE_004,97.21,32.96,1.28,1.49,0.03,NORMAL
2026-09-05 08:40:43.659585,SPLICE_002,98.93,28.68,0.94,1.5,0.06,NORMAL
2026-09-05 08:40:45.659585,SPLICE_004,100.64,38.27,2.14,1.55,0.11,NORMAL
2026-09-05 08:40:47.659585,SPLICE_002,99.06,27.85,1.75,1.53,0.07,NORMAL
2026-09-05 08:40:49.659585,SPLICE_002,103.78,64.54,8.9,1.42,0.22,WARNING
2026-09-05 08:40:51.659585,SPLICE_003,113.8,68.3,17.98,1.08,0.97,CRITICAL
2026-09-05 08:40:53.659585,SPLICE_005,96.31,25.55,1.94,1.53,0.1,NORMAL
2026-09-05 08:40:55.659585,SPLICE_005,101.4,28.74,3.51,1.52,0.16,NORMAL
2026-09-05 08:40:57.659585,SPLICE_001,103.6,39.74,6.21,1.5,0.52,WARNING
2026-09-05 08:40:59.659585,SPLICE_002,100.32,32.86,2.78,1.53,0.17,NORMAL
2026-09-05 08:41:01.659585,SPLICE_001,104.33,53.96,10.34,1.31,0.38,WARNING
2026-09-05 08:41:03.659585,SPLICE_003,98.52,36.46,0.86,1.52,0.15,NORMAL
2026-09-05 08:41:05.659585,SPLICE_003,97.17,31.09,3.01,1.46,0.1,NORMAL
2026-09-05 08:41:07.659585,SPLICE_004,103.35,34.29,7.12,1.49,0.48,WARNING
2026-09-05 08:41:09.659585,SPLICE_004,99.31,21.94,1.74,1.48,0.0,NORMAL
2026-09-05 08:41:11.659585,SPLICE_002,101.51,24.06,2.18,1.56,0.03,NORMAL
2026-09-05 08:41:13.659585,SPLICE_004,101.34,37.64,2.89,1.54,0.2,NORMAL
2026-09-05 08:41:15.659585,SPLICE_005,96.28,34.32,1.43,1.51,0.18,NORMAL
2026-09-05 08:41:17.659585,SPLICE_001,104.95,48.82,7.76,1.52,0.36,WARNING
2026-09-05 08:41:19.659585,SPLICE_001,102.33,29.56,2.85,1.48,0.02,NORMAL
2026-09-05 08:41:21.659585,SPLICE_002,101.08,32.14,1.72,1.44,0.03,NORMAL
2026-09-05 08:41:23.659585,SPLICE_003,100.63,39.19,0.83,1.53,0.04,NORMAL
2026-09-05 08:41:25.659585,SPLICE_003,99.81,28.8,3.12,1.51,0.13,NORMAL
2026-09-05 08:41:27.659585,SPLICE_003,101.18,29.58,2.33,1.51,0.11,NORMAL
2026-09-05 08:41:29.659585,SPLICE_004,98.78,31.82,2.31,1.41,0.11,NORMAL
2026-09-05 08:41:31.659585,SPLICE_004,97.7,31.73,3.46,1.43,0.19,NORMAL
2026-09-05 08:41:33.659585,SPLICE_001,107.07,56.53,8.01,1.54,0.28,WARNING
2026-09-05 08:41:35.659585,SPLICE_003,102.23,37.54,1.75,1.63,0.11,NORMAL
2026-09-05 08:41:37.659585,SPLICE_004,100.49,19.59,2.55,1.47,0.04,NORMAL
2026-09-05 08:41:39.659585,SPLICE_001,99.75,25.87,1.24,1.6,0.06,NORMAL
2026-09-05 08:41:41.659585,SPLICE_004,96.05,33.76,0.07,1.5,0.15,NORMAL
2026-09-05 08:41:43.659585,SPLICE_002,114.85,79.54,17.39,1.17,0.6,CRITICAL
2026-09-05 08:41:45.659585,SPLICE_002,110.93,57.89,5.27,1.4,0.59,WARNING
2026-09-05 08:41:47.659585,SPLICE_004,104.78,31.89,1.9,1.42,0.09,NORMAL
2026-09-05 08:41:49.659585,SPLICE_001,99.02,33.17,2.02,1.43,0.15,NORMAL
2026-09-05 08:41:51.659585,SPLICE_003,100.24,26.63,3.18,1.49,0.05,NORMAL
2026-09-05 08:41:53.659585,SPLICE_005,98.96,29.56,4.17,1.43,0.11,NORMAL
2026-09-05 08:41:55.659585,SPLICE_002,97.53,24.39,1.72,1.46,0.02,NORMAL
2026-09-05 08:41:57.659585,SPLICE_003,103.2,34.01,2.86,1.43,0.09,NORMAL
2026-09-05 08:41:59.659585,SPLICE_001,103.24,29.43,1.04,1.44,0.18,NORMAL
2026-09-05 08:42:01.659585,SPLICE_005,99.96,26.56,2.2,1.54,0.11,NORMAL
2026-09-05 08:42:03.659585,SPLICE_003,98.46,23.85,2.19,1.56,0.1,NORMAL
2026-09-05 08:42:05.659585,SPLICE_002,114.48,88.93,12.05,1.23,0.87,CRITICAL
2026-09-05 08:42:07.659585,SPLICE_001,106.37,60.68,7.44,1.3,0.51,WARNING
2026-09-05 08:42:09.659585,SPLICE_004,101.92,28.81,2.75,1.51,0.12,NORMAL
2026-09-05 08:42:11.659585,SPLICE_005,99.21,26.16,2.76,1.56,0.06,NORMAL
2026-09-05 08:42:13.659585,SPLICE_003,107.72,49.36,3.92,1.39,0.45,WARNING
2026-09-05 08:42:15.659585,SPLICE_002,114.54,82.54,10.31,1.18,0.99,CRITICAL
2026-09-05 08:42:17.659585,SPLICE_003,99.22,28.47,2.63,1.47,0.09,NORMAL
2026-09-05 08:42:19.659585,SPLICE_004,99.27,30.25,1.94,1.47,0.16,NORMAL
2026-09-05 08:42:21.659585,SPLICE_002,108.58,55.64,9.28,1.36,0.25,WARNING
2026-09-05 08:42:23.659585,SPLICE_004,100.33,32.09,2.56,1.49,0.06,NORMAL
2026-09-05 08:42:25.659585,SPLICE_004,121.17,74.68,17.38,1.11,0.9,CRITICAL
2026-09-05 08:42:27.659585,SPLICE_003,99.68,26.88,1.02,1.45,0.2,NORMAL
2026-09-05 08:42:29.659585,SPLICE_001,102.7,34.43,1.94,1.51,0.16,NORMAL
2026-09-05 08:42:31.659585,SPLICE_003,109.16,53.5,5.65,1.29,0.5,WARNING
2026-09-05 08:42:33.659585,SPLICE_002,110.68,42.76,10.26,1.36,0.29,WARNING
2026-09-05 08:42:35.659585,SPLICE_002,105.56,52.44,4.46,1.39,0.34,WARNING
2026-09-05 08:42:37.659585,SPLICE_005,98.78,29.31,2.96,1.51,0.03,NORMAL
2026-09-05 08:42:39.659585,SPLICE_002,111.05,63.0,10.39,1.33,0.36,WARNING
2026-09-05 08:42:41.659585,SPLICE_002,105.27,55.02,9.14,1.53,0.22,WARNING
2026-09-05 08:42:43.659585,SPLICE_001,100.31,29.79,2.07,1.36,0.18,NORMAL
2026-09-05 08:42:45.659585,SPLICE_005,101.24,38.19,2.38,1.52,0.09,NORMAL
2026-09-05 08:42:47.659585,SPLICE_005,95.29,27.43,1.23,1.5,0.11,NORMAL
2026-09-05 08:42:49.659585,SPLICE_001,101.98,28.91,2.53,1.48,0.11,NORMAL
2026-09-05 08:42:51.659585,SPLICE_004,105.69,86.12,19.58,1.19,0.72,CRITICAL
2026-09-05 08:42:53.659585,SPLICE_004,99.41,28.77,2.99,1.46,0.09,NORMAL
2026-09-05 08:42:55.659585,SPLICE_004,104.21,51.1,7.92,1.38,0.34,WARNING
2026-09-05 08:42:57.659585,SPLICE_001,99.98,31.53,3.81,1.48,0.2,NORMAL
2026-09-05 08:42:59.659585,SPLICE_003,98.06,34.91,1.9,1.44,0.12,NORMAL
2026-09-05 08:43:01.659585,SPLICE_004,99.17,29.68,2.4,1.51,0.09,NORMAL
2026-09-05 08:43:03.659585,SPLICE_005,96.58,43.19,2.89,1.49,0.18,NORMAL
2026-09-05 08:43:05.659585,SPLICE_005,102.19,22.17,1.01,1.53,0.06,NORMAL
2026-09-05 08:43:07.659585,SPLICE_002,101.06,59.84,5.65,1.24,0.6,WARNING
2026-09-05 08:43:09.659585,SPLICE_002,100.22,26.87,2.49,1.36,0.05,NORMAL
2026-09-05 08:43:11.659585,SPLICE_001,104.26,52.94,6.68,1.44,0.43,WARNING
2026-09-05 08:43:13.659585,SPLICE_005,100.09,32.79,3.86,1.48,0.15,NORMAL
2026-09-05 08:43:15.659585,SPLICE_002,103.98,41.4,0.82,1.48,0.2,NORMAL
2026-09-05 08:43:17.659585,SPLICE_002,99.99,35.89,0.63,1.53,0.11,NORMAL
2026-09-05 08:43:19.659585,SPLICE_005,106.45,70.46,9.57,1.34,0.27,WARNING
2026-09-05 08:43:21.659585,SPLICE_001,96.87,24.1,3.44,1.48,0.1,NORMAL
2026-09-05 08:43:23.659585,SPLICE_005,100.71,36.83,3.07,1.47,0.05,NORMAL
2026-09-05 08:43:25.659585,SPLICE_003,100.05,22.28,2.16,1.61,0.09,NORMAL
2026-09-05 08:43:27.659585,SPLICE_001,100.14,32.36,3.06,1.51,0.12,NORMAL
2026-09-05 08:43:29.659585,SPLICE_002,98.33,37.12,1.91,1.46,0.08,NORMAL
2026-09-05 08:43:31.659585,SPLICE_005,99.24,32.73,1.25,1.44,0.18,NORMAL
2026-09-05 08:43:33.659585,SPLICE_005,105.82,58.95,7.58,1.2,0.48,WARNING
2026-09-05 08:43:35.659585,SPLICE_005,101.88,25.5,0.43,1.44,0.06,NORMAL
2026-09-05 08:43:37.659585,SPLICE_005,95.96,29.49,1.4,1.45,0.19,NORMAL
2026-09-05 08:43:39.659585,SPLICE_001,97.36,19.38,2.29,1.5,0.05,NORMAL
2026-09-05 08:43:41.659585,SPLICE_005,102.32,34.87,1.22,1.51,0.14,NORMAL
2026-09-05 08:43:43.659585,SPLICE_002,106.44,49.74,5.35,1.47,0.54,WARNING
2026-09-05 08:43:45.659585,SPLICE_004,97.03,28.96,3.21,1.42,0.11,NORMAL
2026-09-05 08:43:47.659585,SPLICE_001,99.24,26.6,1.25,1.47,0.08,NORMAL
2026-09-05 08:43:49.659585,SPLICE_005,98.05,33.52,0.69,1.42,0.2,NORMAL
2026-09-05 08:43:51.659585,SPLICE_003,97.73,25.54,3.53,1.5,0.17,NORMAL
2026-09-05 08:43:53.659585,SPLICE_004,99.18,35.03,0.87,1.56,0.01,NORMAL
2026-09-05 08:43:55.659585,SPLICE_001,96.56,25.42,3.05,1.54,0.06,NORMAL
2026-09-05 08:43:57.659585,SPLICE_002,98.81,34.5,3.7,1.48,0.14,NORMAL
2026-09-05 08:43:59.659585,SPLICE_004,102.17,38.02,2.42,1.58,0.05,NORMAL
2026-09-05 08:44:01.659585,SPLICE_003,95.87,28.41,2.94,1.51,0.11,NORMAL
2026-09-05 08:44:03.659585,SPLICE_003,106.97,73.23,3.07,1.39,0.27,WARNING
2026-09-05 08:44:05.659585,SPLICE_003,99.89,55.38,6.5,1.23,0.25,WARNING
2026-09-05 08:44:07.659585,SPLICE_003,111.99,88.18,17.6,1.29,0.91,CRITICAL
2026-09-05 08:44:09.659585,SPLICE_002,106.92,48.4,7.55,1.52,0.46,WARNING
2026-09-05 08:44:11.659585,SPLICE_005,103.44,17.54,2.1,1.48,0.02,NORMAL
2026-09-05 08:44:13.659585,SPLICE_003,96.52,27.27,0.91,1.51,0.14,NORMAL
2026-09-05 08:44:15.659585,SPLICE_001,99.0,32.19,2.08,1.55,0.09,NORMAL
2026-09-05 08:44:17.659585,SPLICE_002,100.59,26.12,2.16,1.51,0.13,NORMAL
2026-09-05 08:44:19.659585,SPLICE_001,99.19,26.92,2.58,1.49,0.12,NORMAL
2026-09-05 08:44:21.659585,SPLICE_004,107.54,61.56,7.65,1.35,0.31,WARNING
2026-09-05 08:44:23.659585,SPLICE_004,97.21,36.11,2.32,1.49,0.0,NORMAL
2026-09-05 08:44:25.659585,SPLICE_002,109.24,62.54,7.97,1.51,0.46,WARNING
2026-09-05 08:44:27.659585,SPLICE_005,107.06,48.03,5.92,1.39,0.34,WARNING
2026-09-05 08:44:29.659585,SPLICE_002,107.62,62.01,5.66,1.39,0.37,WARNING
2026-09-05 08:44:31.659585,SPLICE_004,118.88,84.44,9.44,1.36,0.81,CRITICAL
2026-09-05 08:44:33.659585,SPLICE_004,99.3,18.91,3.37,1.45,0.13,NORMAL
2026-09-05 08:44:35.659585,SPLICE_003,98.02,34.6,1.24,1.48,0.13,NORMAL
2026-09-05 08:44:37.659585,SPLICE_001,115.51,80.17,7.88,0.87,0.63,CRITICAL
2026-09-05 08:44:39.659585,SPLICE_005,101.99,32.65,1.53,1.42,0.17,NORMAL
2026-09-05 08:44:41.659585,SPLICE_002,99.32,32.5,0.64,1.51,0.02,NORMAL
2026-09-05 08:44:43.659585,SPLICE_003,99.57,35.89,2.6,1.4,0.02,NORMAL
2026-09-05 08:44:45.659585,SPLICE_003,100.96,37.48,1.51,1.48,0.04,NORMAL
2026-09-05 08:44:47.659585,SPLICE_004,100.25,26.87,2.1,1.47,0.16,NORMAL
2026-09-05 08:44:49.659585,SPLICE_001,102.53,44.33,3.9,1.47,0.21,WARNING
2026-09-05 08:44:51.659585,SPLICE_004,101.49,36.99,3.56,1.53,0.14,NORMAL
2026-09-05 08:44:53.659585,SPLICE_003,104.26,45.75,8.7,1.44,0.59,WARNING
2026-09-05 08:44:55.659585,SPLICE_004,97.71,32.33,3.87,1.56,0.16,NORMAL
2026-09-05 08:44:57.659585,SPLICE_004,101.69,32.57,1.54,1.54,0.13,NORMAL
2026-09-05 08:44:59.659585,SPLICE_005,100.4,29.6,2.08,1.48,0.03,NORMAL
2026-09-05 08:45:01.659585,SPLICE_005,98.31,32.77,1.97,1.42,0.18,NORMAL
2026-09-05 08:45:03.659585,SPLICE_004,99.08,28.13,2.0,1.58,0.18,NORMAL
2026-09-05 08:45:05.659585,SPLICE_005,100.79,25.21,1.41,1.48,0.14,NORMAL
2026-09-05 08:45:07.659585,SPLICE_005,102.93,32.7,1.49,1.41,0.08,NORMAL
2026-09-05 08:45:09.659585,SPLICE_001,98.08,23.24,0.42,1.52,0.18,NORMAL
2026-09-05 08:45:11.659585,SPLICE_001,100.99,28.53,2.29,1.46,0.18,NORMAL
2026-09-05 08:45:13.659585,SPLICE_003,101.32,29.65,0.81,1.55,0.04,NORMAL
2026-09-05 08:45:15.659585,SPLICE_003,104.28,52.79,9.72,1.36,0.26,WARNING
2026-09-05 08:45:17.659585,SPLICE_002,100.7,25.51,1.51,1.55,0.13,NORMAL
2026-09-05 08:45:19.659585,SPLICE_004,103.95,32.08,3.03,1.57,0.05,NORMAL
2026-09-05 08:45:21.659585,SPLICE_001,99.89,27.25,2.17,1.55,0.17,NORMAL
2026-09-05 08:45:23.659585,SPLICE_003,109.27,64.6,4.82,1.48,0.52,WARNING
2026-09-05 08:45:25.659585,SPLICE_005,100.43,28.48,1.78,1.54,0.13,NORMAL
2026-09-05 08:45:27.659585,SPLICE_005,100.83,39.53,9.14,1.32,0.57,WARNING
2026-09-05 08:45:29.659585,SPLICE_002,100.74,32.92,1.9,1.5,0.05,NORMAL
2026-09-05 08:45:31.659585,SPLICE_005,100.47,33.6,1.04,1.54,0.14,NORMAL
2026-09-05 08:45:33.659585,SPLICE_004,114.6,82.0,10.98,1.25,0.93,CRITICAL
2026-09-05 08:45:35.659585,SPLICE_003,101.4,23.92,3.63,1.42,0.02,NORMAL
2026-09-05 08:45:37.659585,SPLICE_005,108.38,50.43,8.7,1.28,0.59,WARNING
2026-09-05 08:45:39.659585,SPLICE_005,100.01,34.29,1.61,1.52,0.2,NORMAL
2026-09-05 08:45:41.659585,SPLICE_005,98.81,28.5,2.81,1.47,0.08,NORMAL
2026-09-05 08:45:43.659585,SPLICE_001,99.49,26.69,2.03,1.51,0.08,NORMAL
2026-09-05 08:45:45.659585,SPLICE_001,112.17,93.32,15.84,1.05,0.97,CRITICAL
2026-09-05 08:45:47.659585,SPLICE_005,102.46,29.94,3.78,1.48,0.15,NORMAL
2026-09-05 08:45:49.659585,SPLICE_001,99.08,24.6,1.39,1.51,0.07,NORMAL
2026-09-05 08:45:51.659585,SPLICE_003,115.71,85.1,20.38,1.18,0.77,CRITICAL
2026-09-05 08:45:53.659585,SPLICE_005,100.84,36.55,1.78,1.55,0.12,NORMAL
2026-09-05 08:45:55.659585,SPLICE_001,97.67,39.16,1.27,1.47,0.15,NORMAL
2026-09-05 08:45:57.659585,SPLICE_002,100.14,19.9,3.44,1.47,0.03,NORMAL
2026-09-05 08:45:59.659585,SPLICE_005,102.49,73.19,6.52,1.4,0.37,WARNING
2026-09-05 08:46:01.659585,SPLICE_004,99.09,38.63,1.11,1.54,0.16,NORMAL
2026-09-05 08:46:03.659585,SPLICE_002,97.29,32.07,2.64,1.43,0.17,NORMAL
2026-09-05 08:46:05.659585,SPLICE_001,96.91,27.3,2.39,1.54,0.09,NORMAL
2026-09-05 08:46:07.659585,SPLICE_004,97.11,29.7,0.54,1.57,0.2,NORMAL
2026-09-05 08:46:09.659585,SPLICE_002,95.97,15.84,2.81,1.51,0.16,NORMAL
2026-09-05 08:46:11.659585,SPLICE_002,103.5,28.05,1.77,1.63,0.04,NORMAL
2026-09-05 08:46:13.659585,SPLICE_005,106.92,82.71,14.01,1.29,0.98,CRITICAL
2026-09-05 08:46:15.659585,SPLICE_001,112.65,59.45,4.85,1.41,0.35,WARNING
2026-09-05 08:46:17.659585,SPLICE_005,100.49,25.99,3.48,1.49,0.04,NORMAL
2026-09-05 08:46:19.659585,SPLICE_003,113.38,73.42,15.79,1.26,0.77,CRITICAL
2026-09-05 08:46:21.659585,SPLICE_004,98.29,30.18,2.65,1.42,0.02,NORMAL
2026-09-05 08:46:23.659585,SPLICE_003,108.71,92.32,18.73,1.31,0.87,CRITICAL
2026-09-05 08:46:25.659585,SPLICE_004,119.31,87.51,14.07,1.11,0.7,CRITICAL
2026-09-05 08:46:27.659585,SPLICE_003,101.8,35.65,1.33,1.46,0.06,NORMAL
2026-09-05 08:46:29.659585,SPLICE_003,97.11,27.59,1.92,1.51,0.07,NORMAL
2026-09-05 08:46:31.659585,SPLICE_002,113.53,87.71,16.73,1.12,0.85,CRITICAL
2026-09-05 08:46:33.659585,SPLICE_003,100.25,27.65,1.01,1.43,0.15,NORMAL
2026-09-05 08:46:35.659585,SPLICE_002,113.01,97.43,14.51,1.29,0.91,CRITICAL
2026-09-05 08:46:37.659585,SPLICE_003,108.87,54.69,5.78,1.46,0.52,WARNING
2026-09-05 08:46:39.659585,SPLICE_002,99.07,33.85,2.13,1.44,0.12,NORMAL
2026-09-05 08:46:41.659585,SPLICE_004,101.45,30.56,3.01,1.53,0.0,NORMAL
2026-09-05 08:46:43.659585,SPLICE_003,95.93,40.56,1.21,1.5,0.14,NORMAL
2026-09-05 08:46:45.659585,SPLICE_003,103.19,30.1,0.81,1.5,0.13,NORMAL
2026-09-05 08:46:47.659585,SPLICE_005,100.27,29.41,0.92,1.52,0.19,NORMAL
2026-09-05 08:46:49.659585,SPLICE_004,103.63,55.27,4.27,1.47,0.52,WARNING
2026-09-05 08:46:51.659585,SPLICE_004,96.7,56.03,5.89,1.44,0.42,WARNING
2026-09-05 08:46:53.659585,SPLICE_002,98.26,30.49,3.1,1.49,0.17,NORMAL
2026-09-05 08:46:55.659585,SPLICE_003,117.92,81.3,16.57,1.1,0.64,CRITICAL
2026-09-05 08:46:57.659585,SPLICE_001,97.01,36.4,1.33,1.54,0.13,NORMAL
2026-09-05 08:46:59.659585,SPLICE_004,101.56,25.17,2.26,1.55,0.03,NORMAL
2026-09-05 08:47:01.659585,SPLICE_004,97.63,28.74,3.03,1.54,0.02,NORMAL
2026-09-05 08:47:03.659585,SPLICE_005,102.72,30.13,2.02,1.54,0.19,NORMAL
2026-09-05 08:47:05.659585,SPLICE_005,95.36,33.91,1.98,1.56,0.09,NORMAL
2026-09-05 08:47:07.659585,SPLICE_002,102.42,29.83,1.66,1.56,0.07,NORMAL
2026-09-05 08:47:09.659585,SPLICE_005,105.51,28.47,2.73,1.47,0.1,NORMAL
2026-09-05 08:47:11.659585,SPLICE_001,98.53,28.45,1.12,1.47,0.09,NORMAL
2026-09-05 08:47:13.659585,SPLICE_005,100.97,20.25,0.05,1.54,0.09,NORMAL
2026-09-05 08:47:15.659585,SPLICE_002,99.8,31.88,1.14,1.46,0.09,NORMAL
2026-09-05 08:47:17.659585,SPLICE_004,98.52,33.26,3.43,1.48,0.07,NORMAL
2026-09-05 08:47:19.659585,SPLICE_004,97.22,31.5,1.64,1.52,0.17,NORMAL
2026-09-05 08:47:21.659585,SPLICE_002,102.64,25.63,2.63,1.49,0.03,NORMAL
2026-09-05 08:47:23.659585,SPLICE_005,114.86,71.71,17.72,1.17,0.82,CRITICAL
2026-09-05 08:47:25.659585,SPLICE_002,101.85,24.75,2.87,1.44,0.01,NORMAL
2026-09-05 08:47:27.659585,SPLICE_004,100.1,37.45,1.19,1.48,0.06,NORMAL
2026-09-05 08:47:29.659585,SPLICE_002,110.05,49.77,5.39,1.41,0.21,WARNING
2026-09-05 08:47:31.659585,SPLICE_003,99.6,25.59,2.19,1.53,0.16,NORMAL
2026-09-05 08:47:33.659585,SPLICE_001,104.11,79.71,12.75,1.27,0.8,CRITICAL
2026-09-05 08:47:35.659585,SPLICE_001,104.68,28.82,2.11,1.53,0.11,NORMAL
2026-09-05 08:47:37.659585,SPLICE_002,101.74,34.74,2.13,1.49,0.03,NORMAL
2026-09-05 08:47:39.659585,SPLICE_001,109.77,76.71,9.54,1.09,0.8,CRITICAL
2026-09-05 08:47:41.659585,SPLICE_002,100.38,29.82,2.15,1.47,0.01,NORMAL
2026-09-05 08:47:43.659585,SPLICE_002,115.22,97.57,25.38,1.37,0.67,CRITICAL
2026-09-05 08:47:45.659585,SPLICE_001,111.96,74.86,9.64,1.26,0.65,CRITICAL
2026-09-05 08:47:47.659585,SPLICE_004,107.75,59.91,5.51,1.36,0.26,WARNING
2026-09-05 08:47:49.659585,SPLICE_002,119.97,98.74,11.59,1.27,0.7,CRITICAL
2026-09-05 08:47:51.659585,SPLICE_003,104.73,59.0,7.4,1.36,0.36,WARNING
2026-09-05 08:47:53.659585,SPLICE_001,100.45,33.18,1.18,1.44,0.08,NORMAL
2026-09-05 08:47:55.659585,SPLICE_005,99.99,26.71,1.75,1.45,0.07,NORMAL
2026-09-05 08:47:57.659585,SPLICE_003,101.34,33.02,1.61,1.45,0.07,NORMAL
2026-09-05 08:47:59.659585,SPLICE_005,100.76,27.78,1.1,1.53,0.07,NORMAL
2026-09-05 08:48:01.659585,SPLICE_002,106.8,48.41,5.96,1.53,0.43,WARNING
2026-09-05 08:48:03.659585,SPLICE_004,100.23,34.28,1.58,1.44,0.17,NORMAL
2026-09-05 08:48:05.659585,SPLICE_001,102.7,36.46,3.66,1.52,0.15,NORMAL
2026-09-05 08:48:07.659585,SPLICE_004,97.72,31.82,2.65,1.54,0.02,NORMAL
2026-09-05 08:48:09.659585,SPLICE_002,97.42,29.28,3.1,1.39,0.12,NORMAL
2026-09-05 08:48:11.659585,SPLICE_003,108.91,58.77,6.27,1.37,0.54,WARNING
2026-09-05 08:48:13.659585,SPLICE_005,100.01,36.15,2.98,1.43,0.07,NORMAL
2026-09-05 08:48:15.659585,SPLICE_002,104.41,36.0,0.74,1.54,0.07,NORMAL
2026-09-05 08:48:17.659585,SPLICE_004,104.84,58.48,7.48,1.53,0.5,WARNING
2026-09-05 08:48:19.659585,SPLICE_005,98.17,33.35,3.06,1.51,0.09,NORMAL
2026-09-05 08:48:21.659585,SPLICE_004,99.9,32.52,1.68,1.45,0.19,NORMAL
2026-09-05 08:48:23.659585,SPLICE_002,119.0,81.08,13.69,1.32,0.63,CRITICAL
2026-09-05 08:48:25.659585,SPLICE_004,98.12,35.6,1.71,1.57,0.1,NORMAL
2026-09-05 08:48:27.659585,SPLICE_002,98.89,36.54,0.07,1.45,0.07,NORMAL
2026-09-05 08:48:29.659585,SPLICE_004,102.76,30.58,2.39,1.39,0.13,NORMAL
2026-09-05 08:48:31.659585,SPLICE_003,110.37,75.4,15.58,1.24,0.83,CRITICAL
2026-09-05 08:48:33.659585,SPLICE_003,99.56,30.35,2.19,1.62,0.11,NORMAL
2026-09-05 08:48:35.659585,SPLICE_005,98.66,28.88,1.12,1.38,0.01,NORMAL
2026-09-05 08:48:37.659585,SPLICE_003,101.42,45.56,2.81,1.46,0.03,NORMAL
2026-09-05 08:48:39.659585,SPLICE_001,99.66,23.2,1.02,1.46,0.13,NORMAL
2026-09-05 08:48:41.659585,SPLICE_004,102.1,32.44,1.27,1.49,0.05,NORMAL
2026-09-05 08:48:43.659585,SPLICE_004,100.11,31.42,1.44,1.5,0.11,NORMAL
2026-09-05 08:48:45.659585,SPLICE_003,95.79,40.21,2.16,1.52,0.01,NORMAL
2026-09-05 08:48:47.659585,SPLICE_003,96.81,28.95,0.47,1.42,0.12,NORMAL
2026-09-05 08:48:49.659585,SPLICE_002,97.94,27.8,3.29,1.5,0.13,NORMAL
2026-09-05 08:48:51.659585,SPLICE_002,101.02,29.06,2.23,1.55,0.11,NORMAL
2026-09-05 08:48:53.659585,SPLICE_004,112.56,49.51,10.25,1.44,0.31,WARNING
2026-09-05 08:48:55.659585,SPLICE_005,98.32,30.66,3.51,1.47,0.14,NORMAL
2026-09-05 08:48:57.659585,SPLICE_005,104.63,84.78,19.49,1.17,0.87,CRITICAL
2026-09-05 08:48:59.659585,SPLICE_005,105.34,57.29,6.35,1.47,0.33,WARNING
2026-09-05 08:49:01.659585,SPLICE_002,108.13,55.16,6.72,1.36,0.54,WARNING
2026-09-05 08:49:03.659585,SPLICE_005,102.19,51.49,3.2,1.28,0.57,WARNING
2026-09-05 08:49:05.659585,SPLICE_001,100.06,38.04,1.98,1.51,0.01,NORMAL
2026-09-05 08:49:07.659585,SPLICE_005,104.69,41.99,5.46,1.49,0.44,WARNING
2026-09-05 08:49:09.659585,SPLICE_001,116.0,86.01,15.17,1.36,0.91,CRITICAL
2026-09-05 08:49:11.659585,SPLICE_001,103.48,40.27,0.27,1.51,0.0,NORMAL
2026-09-05 08:49:13.659585,SPLICE_005,119.78,108.25,14.93,1.28,0.63,CRITICAL
2026-09-05 08:49:15.659585,SPLICE_002,102.41,30.91,2.63,1.49,0.04,NORMAL
2026-09-05 08:49:17.659585,SPLICE_002,97.22,38.52,1.88,1.48,0.05,NORMAL
2026-09-05 08:49:19.659585,SPLICE_005,100.63,30.65,2.81,1.47,0.01,NORMAL
2026-09-05 08:49:21.659585,SPLICE_002,103.7,55.54,9.06,1.45,0.46,WARNING
2026-09-05 08:49:23.659585,SPLICE_004,100.06,34.03,2.08,1.45,0.03,NORMAL
2026-09-05 08:49:25.659585,SPLICE_005,99.04,42.7,1.96,1.43,0.19,NORMAL
2026-09-05 08:49:27.659585,SPLICE_001,97.53,20.51,2.75,1.58,0.06,NORMAL
2026-09-05 08:49:29.659585,SPLICE_005,97.24,27.82,1.74,1.5,0.04,NORMAL
2026-09-05 08:49:31.659585,SPLICE_005,98.7,33.05,1.95,1.46,0.0,NORMAL
2026-09-05 08:49:33.659585,SPLICE_004,100.3,30.49,2.44,1.54,0.01,NORMAL
2026-09-05 08:49:35.659585,SPLICE_003,107.56,58.41,7.08,1.54,0.29,WARNING
2026-09-05 08:49:37.659585,SPLICE_004,100.96,33.64,1.31,1.47,0.16,NORMAL
2026-09-05 08:49:39.659585,SPLICE_001,104.73,63.46,7.38,1.52,0.56,WARNING
2026-09-05 08:49:41.659585,SPLICE_005,99.75,28.94,2.75,1.52,0.09,NORMAL
2026-09-05 08:49:43.659585,SPLICE_004,97.56,32.1,1.96,1.41,0.02,NORMAL
2026-09-05 08:49:45.659585,SPLICE_001,100.27,44.59,1.82,1.44,0.07,NORMAL
2026-09-05 08:49:47.659585,SPLICE_001,127.76,91.5,11.47,1.41,0.62,CRITICAL
2026-09-05 08:49:49.659585,SPLICE_001,111.17,73.72,16.24,1.01,0.66,CRITICAL
2026-09-05 08:49:51.659585,SPLICE_004,102.74,25.0,0.06,1.55,0.08,NORMAL
2026-09-05 08:49:53.659585,SPLICE_004,99.75,30.08,2.22,1.48,0.18,NORMAL
2026-09-05 08:49:55.659585,SPLICE_002,103.64,43.85,8.98,1.42,0.58,WARNING
2026-09-05 08:49:57.659585,SPLICE_004,99.26,31.07,1.08,1.59,0.09,NORMAL
2026-09-05 08:49:59.659585,SPLICE_004,99.54,37.19,1.11,1.42,0.17,NORMAL
2026-09-05 08:50:01.659585,SPLICE_004,98.31,34.63,1.67,1.47,0.18,NORMAL
2026-09-05 08:50:03.659585,SPLICE_005,102.0,42.19,0.29,1.56,0.16,NORMAL
2026-09-05 08:50:05.659585,SPLICE_003,97.95,30.31,2.11,1.45,0.19,NORMAL
2026-09-05 08:50:07.659585,SPLICE_005,101.52,28.03,1.23,1.54,0.01,NORMAL
2026-09-05 08:50:09.659585,SPLICE_002,106.87,50.94,5.97,1.28,0.4,WARNING
2026-09-05 08:50:11.659585,SPLICE_002,104.28,57.68,6.19,1.15,0.42,WARNING
2026-09-05 08:50:13.659585,SPLICE_001,112.86,89.16,17.4,1.34,0.82,CRITICAL
2026-09-05 08:50:15.659585,SPLICE_004,98.53,38.34,2.4,1.46,0.1,NORMAL
2026-09-05 08:50:17.659585,SPLICE_005,97.2,36.01,2.18,1.54,0.02,NORMAL
2026-09-05 08:50:19.659585,SPLICE_004,110.74,52.52,6.95,1.55,0.56,WARNING
2026-09-05 08:50:21.659585,SPLICE_002,98.8,22.21,2.82,1.52,0.02,NORMAL
2026-09-05 08:50:23.659585,SPLICE_002,99.2,34.08,1.45,1.47,0.08,NORMAL
2026-09-05 08:50:25.659585,SPLICE_001,98.36,24.33,1.59,1.46,0.11,NORMAL
2026-09-05 08:50:27.659585,SPLICE_004,96.05,26.25,2.46,1.51,0.15,NORMAL
2026-09-05 08:50:29.659585,SPLICE_001,102.38,25.91,3.09,1.47,0.05,NORMAL
2026-09-05 08:50:31.659585,SPLICE_001,100.72,34.84,2.36,1.42,0.11,NORMAL
2026-09-05 08:50:33.659585,SPLICE_001,97.6,33.49,1.59,1.54,0.14,NORMAL
2026-09-05 08:50:35.659585,SPLICE_001,101.22,19.6,2.68,1.45,0.16,NORMAL
2026-09-05 08:50:37.659585,SPLICE_001,103.24,32.08,0.78,1.57,0.16,NORMAL
2026-09-05 08:50:39.659585,SPLICE_002,101.2,21.38,1.31,1.57,0.06,NORMAL
2026-09-05 08:50:41.659585,SPLICE_001,102.65,29.15,2.08,1.54,0.13,NORMAL
2026-09-05 08:50:43.659585,SPLICE_003,101.53,25.1,2.28,1.51,0.08,NORMAL
2026-09-05 08:50:45.659585,SPLICE_005,99.74,25.74,1.24,1.45,0.15,NORMAL
2026-09-05 08:50:47.659585,SPLICE_005,111.72,43.51,6.48,1.33,0.24,WARNING
2026-09-05 08:50:49.659585,SPLICE_003,96.98,28.9,1.81,1.53,0.03,NORMAL
2026-09-05 08:50:51.659585,SPLICE_002,118.27,85.93,15.7,1.06,0.94,CRITICAL
2026-09-05 08:50:53.659585,SPLICE_005,100.4,29.95,1.48,1.51,0.2,NORMAL
2026-09-05 08:50:55.659585,SPLICE_003,96.78,26.51,0.18,1.53,0.02,NORMAL
2026-09-05 08:50:57.659585,SPLICE_005,116.28,96.93,11.91,1.13,0.67,CRITICAL
2026-09-05 08:50:59.659585,SPLICE_002,101.82,26.66,2.44,1.48,0.07,NORMAL
2026-09-05 08:51:01.659585,SPLICE_004,97.89,32.14,0.3,1.47,0.15,NORMAL
2026-09-05 08:51:03.659585,SPLICE_001,116.3,84.75,14.37,1.13,0.79,CRITICAL
2026-09-05 08:51:05.659585,SPLICE_004,100.0,55.27,8.23,1.44,0.58,WARNING
2026-09-05 08:51:07.659585,SPLICE_003,100.82,31.78,3.27,1.51,0.06,NORMAL
2026-09-05 08:51:09.659585,SPLICE_004,96.74,25.48,0.19,1.49,0.19,NORMAL
2026-09-05 08:51:11.659585,SPLICE_004,98.74,28.54,1.31,1.5,0.02,NORMAL
2026-09-05 08:51:13.659585,SPLICE_005,99.62,22.51,3.36,1.48,0.15,NORMAL
2026-09-05 08:51:15.659585,SPLICE_002,96.32,25.93,3.07,1.46,0.01,NORMAL
2026-09-05 08:51:17.659585,SPLICE_002,102.71,54.46,7.86,1.47,0.39,WARNING
2026-09-05 08:51:19.659585,SPLICE_001,100.89,30.1,1.48,1.53,0.04,NORMAL
2026-09-05 08:51:21.659585,SPLICE_004,98.18,38.42,2.84,1.5,0.18,NORMAL
2026-09-05 08:51:23.659585,SPLICE_002,99.2,24.85,0.92,1.52,0.19,NORMAL
2026-09-05 08:51:25.659585,SPLICE_003,97.34,19.11,1.3,1.51,0.05,NORMAL
2026-09-05 08:51:27.659585,SPLICE_001,120.46,70.24,16.83,1.16,0.85,CRITICAL
2026-09-05 08:51:29.659585,SPLICE_003,96.21,31.56,0.81,1.48,0.12,NORMAL
2026-09-05 08:51:31.659585,SPLICE_002,100.01,32.96,2.21,1.46,0.07,NORMAL
2026-09-05 08:51:33.659585,SPLICE_004,99.59,35.59,1.47,1.47,0.15,NORMAL
2026-09-05 08:51:35.659585,SPLICE_005,101.76,26.15,1.37,1.45,0.09,NORMAL
2026-09-05 08:51:37.659585,SPLICE_001,98.86,24.1,2.03,1.44,0.09,NORMAL
2026-09-05 08:51:39.659585,SPLICE_005,105.49,35.75,4.09,1.36,0.28,WARNING
2026-09-05 08:51:41.659585,SPLICE_005,100.21,28.27,2.69,1.47,0.17,NORMAL
2026-09-05 08:51:43.659585,SPLICE_002,98.19,50.8,5.6,1.3,0.27,WARNING
2026-09-05 08:51:45.659585,SPLICE_003,101.51,28.89,0.65,1.59,0.19,NORMAL
2026-09-05 08:51:47.659585,SPLICE_001,104.0,35.7,1.9,1.48,0.13,NORMAL
2026-09-05 08:51:49.659585,SPLICE_002,119.88,98.99,12.49,1.16,0.77,CRITICAL
2026-09-05 08:51:51.659585,SPLICE_001,100.06,52.85,6.98,1.56,0.32,WARNING
2026-09-05 08:51:53.659585,SPLICE_004,116.47,87.49,13.69,1.22,0.83,CRITICAL
2026-09-05 08:51:55.659585,SPLICE_005,104.4,58.08,7.83,1.37,0.21,WARNING
2026-09-05 08:51:57.659585,SPLICE_004,114.15,101.37,14.27,1.2,0.93,CRITICAL
2026-09-05 08:51:59.659585,SPLICE_005,101.24,19.35,3.18,1.55,0.19,NORMAL
2026-09-05 08:52:01.659585,SPLICE_003,95.23,33.73,2.13,1.52,0.06,NORMAL
2026-09-05 08:52:03.659585,SPLICE_005,102.81,23.96,0.59,1.49,0.12,NORMAL
2026-09-05 08:52:05.659585,SPLICE_003,99.74,26.74,0.19,1.58,0.15,NORMAL
2026-09-05 08:52:07.659585,SPLICE_005,107.54,59.95,8.47,1.41,0.53,WARNING
2026-09-05 08:52:09.659585,SPLICE_004,99.03,34.21,0.95,1.37,0.03,NORMAL
2026-09-05 08:52:11.659585,SPLICE_004,103.64,48.72,10.6,1.49,0.56,WARNING
2026-09-05 08:52:13.659585,SPLICE_003,120.98,69.81,17.02,1.29,0.74,CRITICAL
2026-09-05 08:52:15.659585,SPLICE_003,101.23,18.73,1.33,1.46,0.16,NORMAL
2026-09-05 08:52:17.659585,SPLICE_001,98.29,26.94,3.12,1.5,0.05,NORMAL
2026-09-05 08:52:19.659585,SPLICE_002,105.34,49.84,7.66,1.56,0.53,WARNING
2026-09-05 08:52:21.659585,SPLICE_001,99.68,42.5,0.94,1.48,0.13,NORMAL
2026-09-05 08:52:23.659585,SPLICE_005,101.29,21.86,0.66,1.61,0.17,NORMAL
2026-09-05 08:52:25.659585,SPLICE_004,99.27,21.64,4.04,1.52,0.16,NORMAL
2026-09-05 08:52:27.659585,SPLICE_002,103.28,24.09,3.45,1.46,0.0,NORMAL
2026-09-05 08:52:29.659585,SPLICE_004,99.87,22.75,2.08,1.55,0.19,NORMAL
2026-09-05 08:52:31.659585,SPLICE_002,96.32,14.4,2.21,1.49,0.05,NORMAL
2026-09-05 08:52:33.659585,SPLICE_003,100.06,33.45,3.09,1.53,0.03,NORMAL
2026-09-05 08:52:35.659585,SPLICE_004,112.86,85.93,10.13,1.2,0.67,CRITICAL
2026-09-05 08:52:37.659585,SPLICE_004,98.04,20.21,1.33,1.51,0.1,NORMAL
2026-09-05 08:52:39.659585,SPLICE_003,100.59,23.63,2.84,1.6,0.15,NORMAL
2026-09-05 08:52:41.659585,SPLICE_005,102.34,26.38,1.36,1.36,0.13,NORMAL
2026-09-05 08:52:43.659585,SPLICE_005,107.4,94.48,15.9,1.28,0.65,CRITICAL
2026-09-05 08:52:45.659585,SPLICE_001,102.25,21.29,2.41,1.49,0.0,NORMAL
2026-09-05 08:52:47.659585,SPLICE_001,107.78,91.87,16.94,1.15,0.77,CRITICAL
2026-09-05 08:52:49.659585,SPLICE_001,107.26,56.76,4.46,1.36,0.41,WARNING
2026-09-05 08:52:51.659585,SPLICE_004,100.37,27.93,2.86,1.51,0.02,NORMAL
2026-09-05 08:52:53.659585,SPLICE_002,102.08,30.47,1.49,1.37,0.01,NORMAL
2026-09-05 08:52:55.659585,SPLICE_002,98.13,24.08,1.92,1.51,0.09,NORMAL
2026-09-05 08:52:57.659585,SPLICE_005,98.12,32.38,3.72,1.5,0.17,NORMAL
2026-09-05 08:52:59.659585,SPLICE_001,102.98,35.56,2.35,1.48,0.05,NORMAL
2026-09-05 08:53:01.659585,SPLICE_005,115.76,87.98,11.87,1.31,0.78,CRITICAL
2026-09-05 08:53:03.659585,SPLICE_004,102.67,32.91,1.68,1.53,0.16,NORMAL
2026-09-05 08:53:05.659585,SPLICE_005,94.33,36.8,2.76,1.41,0.15,NORMAL
2026-09-05 08:53:07.659585,SPLICE_001,103.55,23.89,3.07,1.55,0.01,NORMAL
2026-09-05 08:53:09.659585,SPLICE_003,99.74,35.64,1.12,1.46,0.1,NORMAL
2026-09-05 08:53:11.659585,SPLICE_003,99.45,34.37,1.61,1.51,0.1,NORMAL
2026-09-05 08:53:13.659585,SPLICE_004,106.02,43.17,6.02,1.26,0.51,WARNING
2026-09-05 08:53:15.659585,SPLICE_002,98.55,33.63,2.16,1.54,0.08,NORMAL
2026-09-05 08:53:17.659585,SPLICE_001,104.99,30.23,1.36,1.64,0.1,NORMAL
2026-09-05 08:53:19.659585,SPLICE_002,100.9,27.67,0.92,1.51,0.15,NORMAL
2026-09-05 08:53:21.659585,SPLICE_005,98.1,28.29,0.99,1.5,0.19,NORMAL
2026-09-05 08:53:23.659585,SPLICE_003,98.85,26.31,0.28,1.43,0.16,NORMAL
2026-09-05 08:53:25.659585,SPLICE_004,97.46,29.16,2.07,1.41,0.03,NORMAL
2026-09-05 08:53:27.659585,SPLICE_004,102.36,40.01,2.29,1.51,0.18,NORMAL
2026-09-05 08:53:29.659585,SPLICE_002,113.0,77.55,14.58,1.29,0.6,CRITICAL
2026-09-05 08:53:31.659585,SPLICE_002,98.82,29.63,0.02,1.53,0.09,NORMAL
2026-09-05 08:53:33.659585,SPLICE_001,101.95,31.49,1.23,1.59,0.16,NORMAL
2026-09-05 08:53:35.659585,SPLICE_001,96.39,31.34,2.13,1.48,0.17,NORMAL
2026-09-05 08:53:37.659585,SPLICE_004,100.79,27.87,2.45,1.49,0.06,NORMAL
2026-09-05 08:53:39.659585,SPLICE_004,98.75,30.37,0.38,1.48,0.04,NORMAL
2026-09-05 08:53:41.659585,SPLICE_001,104.66,45.28,2.58,1.38,0.33,WARNING
2026-09-05 08:53:43.659585,SPLICE_001,100.2,31.67,1.94,1.48,0.18,NORMAL
2026-09-05 08:53:45.659585,SPLICE_004,98.85,28.59,2.58,1.57,0.11,NORMAL
2026-09-05 08:53:47.659585,SPLICE_003,97.51,32.61,5.09,1.51,0.06,NORMAL
2026-09-05 08:53:49.659585,SPLICE_001,104.85,56.62,6.96,1.3,0.26,WARNING
2026-09-05 08:53:51.659585,SPLICE_001,95.46,28.95,1.1,1.52,0.09,NORMAL
2026-09-05 08:53:53.659585,SPLICE_005,101.14,28.34,1.48,1.54,0.16,NORMAL
2026-09-05 08:53:55.659585,SPLICE_001,105.48,87.58,12.65,1.17,1.0,CRITICAL
2026-09-05 08:53:57.659585,SPLICE_003,106.32,52.45,8.25,1.39,0.3,WARNING
2026-09-05 08:53:59.659585,SPLICE_005,96.88,44.17,1.61,1.51,0.04,NORMAL
2026-09-05 08:54:01.659585,SPLICE_002,118.49,76.64,16.23,1.0,0.69,CRITICAL
2026-09-05 08:54:03.659585,SPLICE_003,95.63,31.37,2.85,1.44,0.11,NORMAL
2026-09-05 08:54:05.659585,SPLICE_002,99.72,32.96,1.89,1.6,0.1,NORMAL
2026-09-05 08:54:07.659585,SPLICE_004,113.35,68.01,22.4,1.16,0.98,CRITICAL
2026-09-05 08:54:09.659585,SPLICE_003,99.43,29.47,5.1,1.49,0.03,NORMAL
2026-09-05 08:54:11.659585,SPLICE_002,100.76,33.48,3.91,1.39,0.17,NORMAL
2026-09-05 08:54:13.659585,SPLICE_004,95.39,28.19,4.7,1.49,0.04,NORMAL
2026-09-05 08:54:15.659585,SPLICE_005,100.58,33.36,1.22,1.51,0.12,NORMAL
2026-09-05 08:54:17.659585,SPLICE_002,98.69,60.47,5.37,1.42,0.37,WARNING
2026-09-05 08:54:19.659585,SPLICE_001,103.67,32.99,1.35,1.49,0.2,NORMAL
2026-09-05 08:54:21.659585,SPLICE_003,98.81,21.63,1.89,1.5,0.16,NORMAL
2026-09-05 08:54:23.659585,SPLICE_004,96.47,31.46,2.31,1.53,0.05,NORMAL
2026-09-05 08:54:25.659585,SPLICE_001,100.37,27.9,0.1,1.57,0.07,NORMAL
2026-09-05 08:54:27.659585,SPLICE_005,118.31,73.94,9.17,1.48,0.78,CRITICAL
2026-09-05 08:54:29.659585,SPLICE_004,118.6,79.55,26.71,1.05,0.72,CRITICAL
2026-09-05 08:54:31.659585,SPLICE_003,98.22,33.14,1.09,1.58,0.08,NORMAL
2026-09-05 08:54:33.659585,SPLICE_003,99.33,50.86,6.4,1.34,0.47,WARNING
2026-09-05 08:54:35.659585,SPLICE_004,97.52,34.8,0.62,1.49,0.04,NORMAL
2026-09-05 08:54:37.659585,SPLICE_003,98.69,26.51,1.35,1.48,0.13,NORMAL
2026-09-05 08:54:39.659585,SPLICE_004,97.28,36.14,2.49,1.59,0.05,NORMAL
2026-09-05 08:54:41.659585,SPLICE_005,98.37,31.61,0.4,1.57,0.05,NORMAL
2026-09-05 08:54:43.659585,SPLICE_001,108.94,57.2,4.22,1.35,0.3,WARNING
2026-09-05 08:54:45.659585,SPLICE_003,99.2,52.19,6.54,1.47,0.35,WARNING
2026-09-05 08:54:47.659585,SPLICE_001,102.2,28.1,3.19,1.58,0.07,NORMAL
2026-09-05 08:54:49.659585,SPLICE_002,100.08,35.46,1.93,1.37,0.13,NORMAL
2026-09-05 08:54:51.659585,SPLICE_002,100.03,49.6,6.63,1.29,0.4,WARNING
2026-09-05 08:54:53.659585,SPLICE_003,103.34,25.49,2.51,1.5,0.12,NORMAL
2026-09-05 08:54:55.659585,SPLICE_001,99.76,30.47,0.35,1.45,0.11,NORMAL
2026-09-05 08:54:57.659585,SPLICE_003,101.29,24.5,3.25,1.51,0.03,NORMAL
2026-09-05 08:54:59.659585,SPLICE_003,100.33,24.69,1.88,1.53,0.07,NORMAL
2026-09-05 08:55:01.659585,SPLICE_001,101.34,30.83,3.18,1.52,0.06,NORMAL
2026-09-05 08:55:03.659585,SPLICE_004,101.49,26.61,1.84,1.47,0.1,NORMAL
2026-09-05 08:55:05.659585,SPLICE_005,103.35,32.21,3.23,1.42,0.12,NORMAL
2026-09-05 08:55:07.659585,SPLICE_001,104.18,33.54,1.65,1.49,0.02,NORMAL
2026-09-05 08:55:09.659585,SPLICE_005,100.0,22.28,2.49,1.54,0.16,NORMAL
2026-09-05 08:55:11.659585,SPLICE_005,102.7,41.26,4.53,1.36,0.22,WARNING
2026-09-05 08:55:13.659585,SPLICE_004,100.27,30.13,1.28,1.54,0.17,NORMAL
2026-09-05 08:55:15.659585,SPLICE_004,100.51,30.59,3.73,1.45,0.09,NORMAL
2026-09-05 08:55:17.659585,SPLICE_001,103.56,71.84,7.07,1.26,0.41,WARNING
2026-09-05 08:55:19.659585,SPLICE_005,118.01,92.95,11.92,1.25,0.89,CRITICAL
2026-09-05 08:55:21.659585,SPLICE_002,101.95,30.0,2.69,1.39,0.03,NORMAL
2026-09-05 08:55:23.659585,SPLICE_002,100.59,23.99,2.45,1.51,0.14,NORMAL
2026-09-05 08:55:25.659585,SPLICE_002,98.0,38.12,3.99,1.52,0.08,NORMAL
2026-09-05 08:55:27.659585,SPLICE_003,100.33,38.73,2.5,1.54,0.18,NORMAL
2026-09-05 08:55:29.659585,SPLICE_002,98.0,32.59,2.86,1.51,0.06,NORMAL
2026-09-05 08:55:31.659585,SPLICE_004,97.95,32.8,0.5,1.56,0.04,NORMAL
2026-09-05 08:55:33.659585,SPLICE_003,98.12,27.26,1.79,1.54,0.05,NORMAL
2026-09-05 08:55:35.659585,SPLICE_001,96.18,27.26,3.1,1.49,0.11,NORMAL
2026-09-05 08:55:37.659585,SPLICE_002,107.44,48.11,11.36,1.42,0.56,WARNING
2026-09-05 08:55:39.659585,SPLICE_004,101.81,29.33,1.92,1.58,0.12,NORMAL
2026-09-05 08:55:41.659585,SPLICE_002,99.36,30.58,3.07,1.42,0.01,NORMAL
2026-09-05 08:55:43.659585,SPLICE_002,99.91,27.93,1.3,1.4,0.05,NORMAL
2026-09-05 08:55:45.659585,SPLICE_004,101.0,25.55,0.57,1.5,0.06,NORMAL
2026-09-05 08:55:47.659585,SPLICE_005,98.57,30.77,2.59,1.54,0.15,NORMAL
2026-09-05 08:55:49.659585,SPLICE_003,101.91,36.09,4.2,1.48,0.01,NORMAL
2026-09-05 08:55:51.659585,SPLICE_004,109.89,59.53,2.52,1.4,0.31,WARNING
2026-09-05 08:55:53.659585,SPLICE_005,102.75,35.1,1.64,1.54,0.15,NORMAL
2026-09-05 08:55:55.659585,SPLICE_003,101.99,30.8,3.77,1.64,0.12,NORMAL
2026-09-05 08:55:57.659585,SPLICE_002,100.1,33.61,1.63,1.62,0.02,NORMAL
2026-09-05 08:55:59.659585,SPLICE_002,118.81,93.26,10.5,1.04,0.94,CRITICAL
2026-09-05 08:56:01.659585,SPLICE_003,101.15,22.46,2.18,1.52,0.08,NORMAL
2026-09-05 08:56:03.659585,SPLICE_004,109.64,98.02,17.96,1.39,0.74,CRITICAL
2026-09-05 08:56:05.659585,SPLICE_002,103.1,31.6,3.22,1.51,0.01,NORMAL
2026-09-05 08:56:07.659585,SPLICE_003,102.11,49.74,5.47,1.39,0.58,WARNING
2026-09-05 08:56:09.659585,SPLICE_004,100.53,29.8,2.75,1.5,0.0,NORMAL
2026-09-05 08:56:11.659585,SPLICE_005,100.8,31.23,2.7,1.49,0.11,NORMAL
2026-09-05 08:56:13.659585,SPLICE_005,97.71,30.44,2.23,1.46,0.18,NORMAL
2026-09-05 08:56:15.659585,SPLICE_005,101.25,24.49,2.18,1.46,0.03,NORMAL
2026-09-05 08:56:17.659585,SPLICE_004,110.52,95.63,24.35,1.07,0.67,CRITICAL
2026-09-05 08:56:19.659585,SPLICE_002,98.26,35.32,1.05,1.52,0.14,NORMAL
2026-09-05 08:56:21.659585,SPLICE_003,105.38,46.75,8.64,1.32,0.3,WARNING
2026-09-05 08:56:23.659585,SPLICE_001,107.39,45.14,6.59,1.32,0.49,WARNING
2026-09-05 08:56:25.659585,SPLICE_004,102.34,37.49,1.18,1.43,0.02,NORMAL
2026-09-05 08:56:27.659585,SPLICE_002,100.06,39.08,1.0,1.54,0.06,NORMAL
2026-09-05 08:56:29.659585,SPLICE_002,102.18,27.14,2.04,1.55,0.09,NORMAL
2026-09-05 08:56:31.659585,SPLICE_002,99.58,53.83,9.66,1.62,0.29,WARNING
2026-09-05 08:56:33.659585,SPLICE_004,103.78,25.58,1.23,1.46,0.01,NORMAL
2026-09-05 08:56:35.659585,SPLICE_005,98.57,28.28,2.32,1.47,0.17,NORMAL
2026-09-05 08:56:37.659585,SPLICE_004,99.68,25.41,2.09,1.42,0.05,NORMAL
2026-09-05 08:56:39.659585,SPLICE_004,96.12,34.45,0.69,1.41,0.15,NORMAL
2026-09-05 08:56:41.659585,SPLICE_003,109.41,53.77,6.68,1.44,0.42,WARNING
2026-09-05 08:56:43.659585,SPLICE_005,97.31,28.02,4.24,1.45,0.14,NORMAL
2026-09-05 08:56:45.659585,SPLICE_001,101.93,28.47,0.27,1.6,0.01,NORMAL
2026-09-05 08:56:47.659585,SPLICE_002,102.63,29.28,3.12,1.52,0.1,NORMAL
2026-09-05 08:56:49.659585,SPLICE_003,102.17,24.62,1.33,1.55,0.1,NORMAL
2026-09-05 08:56:51.659585,SPLICE_005,96.41,22.08,1.49,1.48,0.04,NORMAL
2026-09-05 08:56:53.659585,SPLICE_004,112.24,74.03,24.17,1.48,0.86,CRITICAL
2026-09-05 08:56:55.659585,SPLICE_003,122.9,72.88,23.64,0.92,0.96,CRITICAL
2026-09-05 08:56:57.659585,SPLICE_004,99.05,23.48,1.11,1.42,0.03,NORMAL
2026-09-05 08:56:59.659585,SPLICE_001,102.84,30.08,1.54,1.36,0.17,NORMAL
2026-09-05 08:57:01.659585,SPLICE_005,105.74,70.04,8.04,1.37,0.43,WARNING
2026-09-05 08:57:03.659585,SPLICE_005,98.55,25.62,1.54,1.56,0.1,NORMAL
2026-09-05 08:57:05.659585,SPLICE_005,99.56,34.85,1.37,1.5,0.0,NORMAL
2026-09-05 08:57:07.659585,SPLICE_003,101.58,24.41,3.77,1.45,0.14,NORMAL
2026-09-05 08:57:09.659585,SPLICE_005,98.79,32.49,2.54,1.53,0.12,NORMAL
2026-09-05 08:57:11.659585,SPLICE_002,97.55,25.8,2.03,1.45,0.12,NORMAL
2026-09-05 08:57:13.659585,SPLICE_001,99.23,18.97,3.39,1.43,0.18,NORMAL
2026-09-05 08:57:15.659585,SPLICE_003,99.23,24.51,2.34,1.45,0.15,NORMAL
2026-09-05 08:57:17.659585,SPLICE_001,99.68,31.54,1.4,1.51,0.18,NORMAL
2026-09-05 08:57:19.659585,SPLICE_002,104.07,31.79,1.72,1.51,0.01,NORMAL
2026-09-05 08:57:21.659585,SPLICE_003,99.28,33.71,1.91,1.45,0.12,NORMAL
2026-09-05 08:57:23.659585,SPLICE_002,99.84,27.72,0.96,1.52,0.18,NORMAL
2026-09-05 08:57:25.659585,SPLICE_003,97.58,30.28,2.11,1.51,0.15,NORMAL
2026-09-05 08:57:27.659585,SPLICE_004,103.25,60.13,8.33,1.3,0.29,WARNING
2026-09-05 08:57:29.659585,SPLICE_004,102.9,28.42,1.76,1.57,0.16,NORMAL
2026-09-05 08:57:31.659585,SPLICE_003,100.9,34.94,1.25,1.45,0.06,NORMAL
2026-09-05 08:57:33.659585,SPLICE_001,99.31,27.07,1.78,1.43,0.18,NORMAL
2026-09-05 08:57:35.659585,SPLICE_003,100.61,27.25,1.38,1.51,0.18,NORMAL
2026-09-05 08:57:37.659585,SPLICE_002,105.26,94.78,11.76,1.33,0.88,CRITICAL
2026-09-05 08:57:39.659585,SPLICE_002,104.15,26.07,2.69,1.45,0.15,NORMAL
2026-09-05 08:57:41.659585,SPLICE_005,104.65,27.36,2.96,1.49,0.1,NORMAL
2026-09-05 08:57:43.659585,SPLICE_005,100.81,32.29,0.57,1.48,0.08,NORMAL
2026-09-05 08:57:45.659585,SPLICE_004,98.97,33.1,3.39,1.51,0.07,NORMAL
2026-09-05 08:57:47.659585,SPLICE_004,97.43,33.59,2.18,1.49,0.02,NORMAL
2026-09-05 08:57:49.659585,SPLICE_002,101.38,27.78,2.14,1.5,0.2,NORMAL
2026-09-05 08:57:51.659585,SPLICE_004,99.14,39.04,2.3,1.47,0.01,NORMAL
2026-09-05 08:57:53.659585,SPLICE_005,105.57,53.68,7.06,1.41,0.52,WARNING
2026-09-05 08:57:55.659585,SPLICE_004,96.69,24.83,1.88,1.42,0.11,NORMAL
2026-09-05 08:57:57.659585,SPLICE_004,97.29,33.67,0.08,1.49,0.09,NORMAL
2026-09-05 08:57:59.659585,SPLICE_002,96.53,39.51,3.57,1.47,0.14,NORMAL
2026-09-05 08:58:01.659585,SPLICE_001,98.97,33.42,3.39,1.59,0.07,NORMAL
2026-09-05 08:58:03.659585,SPLICE_005,96.04,29.26,1.63,1.48,0.02,NORMAL
2026-09-05 08:58:05.659585,SPLICE_003,102.24,36.37,1.83,1.55,0.12,NORMAL
2026-09-05 08:58:07.659585,SPLICE_001,100.06,32.16,1.74,1.43,0.12,NORMAL
2026-09-05 08:58:09.659585,SPLICE_004,98.97,29.37,2.44,1.56,0.04,NORMAL
2026-09-05 08:58:11.659585,SPLICE_003,103.4,29.82,2.0,1.58,0.06,NORMAL
2026-09-05 08:58:13.659585,SPLICE_005,96.82,26.68,1.1,1.54,0.03,NORMAL
2026-09-05 08:58:15.659585,SPLICE_001,96.33,31.3,1.12,1.51,0.13,NORMAL
2026-09-05 08:58:17.659585,SPLICE_004,99.27,32.52,2.52,1.57,0.19,NORMAL
2026-09-05 08:58:19.659585,SPLICE_003,122.41,74.68,14.39,1.1,0.99,CRITICAL
2026-09-05 08:58:21.659585,SPLICE_005,96.39,31.66,2.36,1.47,0.13,NORMAL
2026-09-05 08:58:23.659585,SPLICE_002,100.99,29.31,1.77,1.53,0.05,NORMAL
2026-09-05 08:58:25.659585,SPLICE_002,102.61,30.69,1.45,1.53,0.14,NORMAL
2026-09-05 08:58:27.659585,SPLICE_002,97.17,21.66,1.78,1.45,0.1,NORMAL
2026-09-05 08:58:29.659585,SPLICE_002,97.04,23.3,2.14,1.48,0.09,NORMAL
2026-09-05 08:58:31.659585,SPLICE_004,101.03,27.5,1.94,1.57,0.06,NORMAL
2026-09-05 08:58:33.659585,SPLICE_005,97.23,34.51,2.78,1.46,0.01,NORMAL
2026-09-05 08:58:35.659585,SPLICE_002,99.12,27.02,2.03,1.54,0.07,NORMAL
2026-09-05 08:58:37.659585,SPLICE_005,99.45,34.85,0.9,1.47,0.08,NORMAL
2026-09-05 08:58:39.659585,SPLICE_002,102.28,24.1,2.62,1.42,0.01,NORMAL
2026-09-05 08:58:41.659585,SPLICE_004,99.24,23.65,1.83,1.53,0.13,NORMAL
2026-09-05 08:58:43.659585,SPLICE_002,98.87,28.15,1.85,1.48,0.03,NORMAL
2026-09-05 08:58:45.659585,SPLICE_004,101.06,26.68,2.04,1.48,0.08,NORMAL
2026-09-05 08:58:47.659585,SPLICE_003,129.31,87.98,10.46,1.04,0.89,CRITICAL
2026-09-05 08:58:49.659585,SPLICE_004,99.51,31.47,2.69,1.4,0.07,NORMAL
2026-09-05 08:58:51.659585,SPLICE_004,116.19,75.04,9.27,1.22,0.78,CRITICAL
2026-09-05 08:58:53.659585,SPLICE_005,100.8,36.6,2.11,1.45,0.14,NORMAL
2026-09-05 08:58:55.659585,SPLICE_004,101.08,36.11,2.47,1.46,0.14,NORMAL
2026-09-05 08:58:57.659585,SPLICE_004,105.8,52.14,9.45,1.28,0.29,WARNING
2026-09-05 08:58:59.659585,SPLICE_004,101.6,30.88,0.73,1.59,0.17,NORMAL
2026-09-05 08:59:01.659585,SPLICE_001,102.54,32.46,0.78,1.57,0.12,NORMAL
2026-09-05 08:59:03.659585,SPLICE_002,97.92,36.46,2.59,1.63,0.15,NORMAL
2026-09-05 08:59:05.659585,SPLICE_003,94.59,31.7,1.65,1.5,0.07,NORMAL
2026-09-05 08:59:07.659585,SPLICE_003,101.79,21.3,1.8,1.56,0.0,NORMAL
2026-09-05 08:59:09.659585,SPLICE_004,100.04,25.99,2.58,1.52,0.12,NORMAL
2026-09-05 08:59:11.659585,SPLICE_004,99.56,30.34,2.48,1.53,0.05,NORMAL
2026-09-05 08:59:13.659585,SPLICE_001,98.1,33.48,1.48,1.45,0.08,NORMAL
2026-09-05 08:59:15.659585,SPLICE_003,96.24,64.56,3.89,1.56,0.32,WARNING
2026-09-05 08:59:17.659585,SPLICE_003,100.78,32.91,1.98,1.56,0.03,NORMAL
2026-09-05 08:59:19.659585,SPLICE_001,103.06,60.23,5.57,1.39,0.53,WARNING
2026-09-05 08:59:21.659585,SPLICE_004,99.78,35.56,2.69,1.57,0.16,NORMAL
2026-09-05 08:59:23.659585,SPLICE_004,102.84,28.31,2.7,1.5,0.1,NORMAL
2026-09-05 08:59:25.659585,SPLICE_002,102.95,29.03,2.22,1.56,0.04,NORMAL
2026-09-05 08:59:27.659585,SPLICE_001,101.01,29.83,2.73,1.53,0.01,NORMAL
2026-09-05 08:59:29.659585,SPLICE_003,112.43,51.24,7.32,1.52,0.28,WARNING
2026-09-05 08:59:31.659585,SPLICE_001,97.7,25.18,1.35,1.5,0.03,NORMAL
2026-09-05 08:59:33.659585,SPLICE_001,105.14,56.96,6.46,1.25,0.41,WARNING
2026-09-05 08:59:35.659585,SPLICE_002,99.38,37.72,2.52,1.56,0.02,NORMAL
2026-09-05 08:59:37.659585,SPLICE_005,99.57,24.11,3.47,1.47,0.12,NORMAL
2026-09-05 08:59:39.659585,SPLICE_005,97.72,28.06,2.4,1.43,0.08,NORMAL
2026-09-05 08:59:41.659585,SPLICE_002,97.42,30.29,2.91,1.52,0.05,NORMAL
2026-09-05 08:59:43.659585,SPLICE_002,107.34,54.94,8.94,1.23,0.24,WARNING
2026-09-05 08:59:45.659585,SPLICE_001,98.43,31.02,2.68,1.55,0.12,NORMAL
2026-09-05 08:59:47.659585,SPLICE_005,102.25,29.21,2.0,1.53,0.19,NORMAL
2026-09-05 08:59:49.659585,SPLICE_005,102.18,41.83,0.56,1.49,0.0,NORMAL
2026-09-05 08:59:51.659585,SPLICE_003,100.12,21.89,1.09,1.39,0.2,NORMAL
2026-09-05 08:59:53.659585,SPLICE_003,111.73,64.5,16.49,1.42,0.9,CRITICAL
2026-09-05 08:59:55.659585,SPLICE_005,116.16,73.65,11.7,1.09,0.6,CRITICAL
2026-09-05 08:59:57.659585,SPLICE_001,99.21,26.19,1.24,1.48,0.04,NORMAL
2026-09-05 08:59:59.659585,SPLICE_004,111.64,86.35,13.74,0.96,0.61,CRITICAL
2026-09-05 09:00:01.659585,SPLICE_003,102.7,69.37,5.29,1.33,0.46,WARNING
2026-09-05 09:00:03.659585,SPLICE_002,102.27,52.4,8.25,1.58,0.54,WARNING
2026-09-05 09:00:05.659585,SPLICE_002,100.51,28.28,1.25,1.52,0.14,NORMAL
2026-09-05 09:00:07.659585,SPLICE_003,107.96,54.32,7.75,1.31,0.35,WARNING
2026-09-05 09:00:09.659585,SPLICE_004,99.78,31.5,2.83,1.47,0.2,NORMAL
2026-09-05 09:00:11.659585,SPLICE_005,99.19,22.06,0.13,1.51,0.0,NORMAL
2026-09-05 09:00:13.659585,SPLICE_004,98.56,25.38,0.75,1.49,0.17,NORMAL
2026-09-05 09:00:15.659585,SPLICE_001,99.0,31.23,3.32,1.56,0.19,NORMAL
2026-09-05 09:00:17.659585,SPLICE_001,101.87,33.88,2.03,1.46,0.05,NORMAL
2026-09-05 09:00:19.659585,SPLICE_003,100.95,27.55,1.9,1.44,0.19,NORMAL
2026-09-05 09:00:21.659585,SPLICE_003,100.03,30.72,1.48,1.45,0.08,NORMAL
2026-09-05 09:00:23.659585,SPLICE_004,97.78,25.17,2.77,1.51,0.06,NORMAL
2026-09-05 09:00:25.659585,SPLICE_001,107.56,46.36,8.99,1.51,0.33,WARNING
2026-09-05 09:00:27.659585,SPLICE_001,105.76,61.4,6.67,1.52,0.37,WARNING
2026-09-05 09:00:29.659585,SPLICE_004,99.5,24.18,1.59,1.5,0.09,NORMAL
2026-09-05 09:00:31.659585,SPLICE_003,108.05,63.56,8.46,1.42,0.21,WARNING
2026-09-05 09:00:33.659585,SPLICE_005,102.87,31.42,0.04,1.52,0.03,NORMAL
2026-09-05 09:00:35.659585,SPLICE_004,105.77,63.01,7.45,1.5,0.47,WARNING
2026-09-05 09:00:37.659585,SPLICE_004,101.14,35.43,2.33,1.38,0.16,NORMAL
2026-09-05 09:00:39.659585,SPLICE_003,97.24,22.2,2.25,1.46,0.08,NORMAL
2026-09-05 09:00:41.659585,SPLICE_005,103.36,25.58,2.15,1.47,0.15,NORMAL
2026-09-05 09:00:43.659585,SPLICE_004,104.86,58.04,7.58,1.47,0.55,WARNING
2026-09-05 09:00:45.659585,SPLICE_001,105.87,24.86,0.29,1.48,0.08,NORMAL
2026-09-05 09:00:47.659585,SPLICE_004,96.98,26.02,2.66,1.48,0.01,NORMAL
2026-09-05 09:00:49.659585,SPLICE_002,98.09,32.59,1.49,1.49,0.05,NORMAL
2026-09-05 09:00:51.659585,SPLICE_001,117.06,87.88,14.21,0.97,0.79,CRITICAL
2026-09-05 09:00:53.659585,SPLICE_004,100.69,32.46,4.06,1.51,0.17,NORMAL
2026-09-05 09:00:55.659585,SPLICE_002,105.99,54.91,7.48,1.44,0.42,WARNING
2026-09-05 09:00:57.659585,SPLICE_003,95.75,32.07,4.14,1.51,0.08,NORMAL
2026-09-05 09:00:59.659585,SPLICE_003,101.44,32.13,1.83,1.44,0.08,NORMAL
2026-09-05 09:01:01.659585,SPLICE_003,97.81,34.11,2.87,1.52,0.08,NORMAL
2026-09-05 09:01:03.659585,SPLICE_003,99.5,28.16,2.01,1.43,0.17,NORMAL
2026-09-05 09:01:05.659585,SPLICE_002,100.12,28.67,2.68,1.48,0.06,NORMAL
2026-09-05 09:01:07.659585,SPLICE_003,109.35,64.59,3.76,1.33,0.52,WARNING
2026-09-05 09:01:09.659585,SPLICE_002,99.6,37.0,3.54,1.58,0.17,NORMAL
2026-09-05 09:01:11.659585,SPLICE_001,101.08,50.62,7.53,1.23,0.38,WARNING
2026-09-05 09:01:13.659585,SPLICE_001,98.27,29.37,1.09,1.53,0.04,NORMAL
2026-09-05 09:01:15.659585,SPLICE_001,97.15,27.72,0.18,1.56,0.09,NORMAL
2026-09-05 09:01:17.659585,SPLICE_002,97.15,30.89,0.04,1.43,0.01,NORMAL
2026-09-05 09:01:19.659585,SPLICE_004,105.96,29.44,3.77,1.53,0.04,NORMAL
2026-09-05 09:01:21.659585,SPLICE_003,108.25,50.22,4.01,1.4,0.22,WARNING
2026-09-05 09:01:23.659585,SPLICE_004,98.27,27.88,2.29,1.59,0.03,NORMAL
2026-09-05 09:01:25.659585,SPLICE_004,100.77,24.12,2.93,1.41,0.06,NORMAL
2026-09-05 09:01:27.659585,SPLICE_004,99.84,29.4,1.7,1.43,0.13,NORMAL
2026-09-05 09:01:29.659585,SPLICE_001,104.88,32.19,2.09,1.52,0.09,NORMAL
2026-09-05 09:01:31.659585,SPLICE_003,108.22,56.02,5.97,1.5,0.29,WARNING
2026-09-05 09:01:33.659585,SPLICE_002,100.06,21.37,2.02,1.58,0.01,NORMAL
2026-09-05 09:01:35.659585,SPLICE_002,101.7,33.11,2.97,1.44,0.09,NORMAL
2026-09-05 09:01:37.659585,SPLICE_002,103.87,31.28,1.99,1.55,0.06,NORMAL
2026-09-05 09:01:39.659585,SPLICE_005,98.43,33.56,2.99,1.48,0.14,NORMAL
2026-09-05 09:01:41.659585,SPLICE_002,97.3,27.72,0.65,1.46,0.04,NORMAL
2026-09-05 09:01:43.659585,SPLICE_002,98.28,34.23,0.2,1.46,0.2,NORMAL
2026-09-05 09:01:45.659585,SPLICE_002,111.36,83.11,15.72,1.08,0.84,CRITICAL
2026-09-05 09:01:47.659585,SPLICE_005,96.8,20.46,2.02,1.47,0.1,NORMAL
2026-09-05 09:01:49.659585,SPLICE_002,97.51,32.25,1.29,1.47,0.19,NORMAL
2026-09-05 09:01:51.659585,SPLICE_001,99.18,32.71,0.92,1.47,0.1,NORMAL
2026-09-05 09:01:53.659585,SPLICE_001,101.89,30.28,2.42,1.48,0.16,NORMAL
2026-09-05 09:01:55.659585,SPLICE_004,99.47,25.1,1.47,1.46,0.05,NORMAL
2026-09-05 09:01:57.659585,SPLICE_004,95.78,36.7,1.31,1.56,0.03,NORMAL
2026-09-05 09:01:59.659585,SPLICE_002,99.14,34.03,2.8,1.6,0.09,NORMAL
2026-09-05 09:02:01.659585,SPLICE_001,103.5,29.84,2.26,1.47,0.18,NORMAL
2026-09-05 09:02:03.659585,SPLICE_005,99.01,38.57,0.97,1.49,0.1,NORMAL
2026-09-05 09:02:05.659585,SPLICE_005,99.87,24.63,1.22,1.54,0.1,NORMAL
2026-09-05 09:02:07.659585,SPLICE_001,105.14,64.2,6.5,1.37,0.36,WARNING
2026-09-05 09:02:09.659585,SPLICE_003,99.14,34.82,3.3,1.55,0.12,NORMAL
2026-09-05 09:02:11.659585,SPLICE_005,102.02,20.66,1.36,1.49,0.2,NORMAL
2026-09-05 09:02:13.659585,SPLICE_004,99.26,33.51,0.67,1.56,0.08,NORMAL
2026-09-05 09:02:15.659585,SPLICE_001,103.52,44.99,10.2,1.34,0.4,WARNING
2026-09-05 09:02:17.659585,SPLICE_002,105.33,30.49,3.12,1.51,0.05,NORMAL
2026-09-05 09:02:19.659585,SPLICE_001,100.46,30.62,1.25,1.6,0.01,NORMAL
2026-09-05 09:02:21.659585,SPLICE_005,99.88,34.13,0.93,1.5,0.04,NORMAL
2026-09-05 09:02:23.659585,SPLICE_001,115.59,78.06,15.45,1.56,0.93,CRITICAL
2026-09-05 09:02:25.659585,SPLICE_003,100.64,35.01,3.56,1.4,0.13,NORMAL
2026-09-05 09:02:27.659585,SPLICE_005,101.31,28.83,2.39,1.46,0.0,NORMAL
2026-09-05 09:02:29.659585,SPLICE_005,99.45,26.64,0.75,1.47,0.12,NORMAL
2026-09-05 09:02:31.659585,SPLICE_004,112.5,84.39,18.98,1.11,0.88,CRITICAL
2026-09-05 09:02:33.659585,SPLICE_001,101.89,35.37,1.37,1.49,0.05,NORMAL
2026-09-05 09:02:35.659585,SPLICE_001,99.44,29.98,1.58,1.46,0.12,NORMAL
2026-09-05 09:02:37.659585,SPLICE_002,101.43,28.83,2.71,1.54,0.12,NORMAL
2026-09-05 09:02:39.659585,SPLICE_001,122.3,98.4,18.48,1.51,0.99,CRITICAL
2026-09-05 09:02:41.659585,SPLICE_004,101.75,33.66,1.69,1.52,0.02,NORMAL
2026-09-05 09:02:43.659585,SPLICE_005,112.73,33.19,6.57,1.53,0.43,WARNING
2026-09-05 09:02:45.659585,SPLICE_004,104.33,55.26,9.27,1.44,0.26,WARNING
2026-09-05 09:02:47.659585,SPLICE_001,103.24,38.17,1.94,1.51,0.05,NORMAL
2026-09-05 09:02:49.659585,SPLICE_005,101.0,25.09,3.61,1.56,0.02,NORMAL
2026-09-05 09:02:51.659585,SPLICE_003,99.51,34.32,1.61,1.4,0.08,NORMAL
2026-09-05 09:02:53.659585,SPLICE_001,101.53,27.93,2.46,1.42,0.05,NORMAL
2026-09-05 09:02:55.659585,SPLICE_002,105.45,92.7,19.47,0.99,0.94,CRITICAL
2026-09-05 09:02:57.659585,SPLICE_002,102.1,31.62,2.14,1.41,0.09,NORMAL
2026-09-05 09:02:59.659585,SPLICE_004,100.06,28.71,2.98,1.59,0.15,NORMAL
2026-09-05 09:03:01.659585,SPLICE_001,98.58,30.59,2.24,1.45,0.05,NORMAL
2026-09-05 09:03:03.659585,SPLICE_004,105.6,48.69,3.14,1.46,0.49,WARNING
2026-09-05 09:03:05.659585,SPLICE_002,97.26,35.9,2.73,1.56,0.13,NORMAL
2026-09-05 09:03:07.659585,SPLICE_001,113.7,85.28,11.26,1.42,0.98,CRITICAL
2026-09-05 09:03:09.659585,SPLICE_001,100.69,36.22,1.22,1.47,0.07,NORMAL
2026-09-05 09:03:11.659585,SPLICE_005,96.25,28.92,0.74,1.5,0.2,NORMAL
2026-09-05 09:03:13.659585,SPLICE_002,100.11,34.33,1.52,1.58,0.13,NORMAL
2026-09-05 09:03:15.659585,SPLICE_002,102.16,46.78,6.87,1.67,0.43,WARNING
2026-09-05 09:03:17.659585,SPLICE_002,98.25,22.96,1.78,1.49,0.02,NORMAL
2026-09-05 09:03:19.659585,SPLICE_003,97.48,34.4,1.96,1.55,0.06,NORMAL
2026-09-05 09:03:21.659585,SPLICE_003,95.27,31.77,1.02,1.51,0.2,NORMAL
2026-09-05 09:03:23.659585,SPLICE_002,100.39,47.66,5.19,1.54,0.53,WARNING
2026-09-05 09:03:25.659585,SPLICE_003,111.26,52.08,5.32,1.47,0.26,WARNING
2026-09-05 09:03:27.659585,SPLICE_001,105.11,41.78,6.83,1.36,0.43,WARNING
2026-09-05 09:03:29.659585,SPLICE_001,100.05,33.12,2.19,1.57,0.01,NORMAL
2026-09-05 09:03:31.659585,SPLICE_004,101.45,21.13,1.28,1.47,0.04,NORMAL
2026-09-05 09:03:33.659585,SPLICE_001,98.94,36.77,1.22,1.52,0.05,NORMAL
2026-09-05 09:03:35.659585,SPLICE_005,99.0,30.03,1.53,1.58,0.1,NORMAL
2026-09-05 09:03:37.659585,SPLICE_004,102.73,26.31,2.69,1.54,0.14,NORMAL
2026-09-05 09:03:39.659585,SPLICE_003,98.79,24.49,0.03,1.48,0.15,NORMAL
2026-09-05 09:03:41.659585,SPLICE_005,98.29,27.98,2.27,1.5,0.05,NORMAL
2026-09-05 09:03:43.659585,SPLICE_002,97.62,39.94,1.98,1.46,0.14,NORMAL
2026-09-05 09:03:45.659585,SPLICE_001,109.26,55.31,6.03,1.38,0.57,WARNING
2026-09-05 09:03:47.659585,SPLICE_001,102.37,20.54,1.36,1.55,0.14,NORMAL
2026-09-05 09:03:49.659585,SPLICE_005,99.17,26.38,2.31,1.48,0.04,NORMAL
2026-09-05 09:03:51.659585,SPLICE_001,100.4,30.49,4.51,1.59,0.09,NORMAL
2026-09-05 09:03:53.659585,SPLICE_004,99.43,19.87,2.16,1.5,0.19,NORMAL
2026-09-05 09:03:55.659585,SPLICE_002,104.18,27.87,1.77,1.54,0.19,NORMAL
2026-09-05 09:03:57.659585,SPLICE_001,103.55,22.6,2.14,1.5,0.05,NORMAL
2026-09-05 09:03:59.659585,SPLICE_004,100.28,38.37,2.88,1.46,0.11,NORMAL
2026-09-05 09:04:01.659585,SPLICE_002,97.46,35.77,4.37,1.48,0.08,NORMAL
2026-09-05 09:04:03.659585,SPLICE_003,103.48,30.43,0.23,1.45,0.08,NORMAL
2026-09-05 09:04:05.659585,SPLICE_001,102.21,18.63,1.8,1.66,0.03,NORMAL
2026-09-05 09:04:07.659585,SPLICE_001,97.43,29.92,3.64,1.55,0.08,NORMAL
2026-09-05 09:04:09.659585,SPLICE_001,100.49,33.63,1.37,1.56,0.19,NORMAL
2026-09-05 09:04:11.659585,SPLICE_005,116.59,87.88,12.83,1.08,0.71,CRITICAL
2026-09-05 09:04:13.659585,SPLICE_004,101.38,27.78,1.15,1.47,0.05,NORMAL
2026-09-05 09:04:15.659585,SPLICE_004,106.88,66.02,6.98,1.39,0.36,WARNING
2026-09-05 09:04:17.659585,SPLICE_003,100.67,26.31,3.06,1.55,0.15,NORMAL
2026-09-05 09:04:19.659585,SPLICE_005,100.87,32.01,2.24,1.48,0.19,NORMAL
2026-09-05 09:04:21.659585,SPLICE_003,101.44,39.1,1.92,1.53,0.12,NORMAL
2026-09-05 09:04:23.659585,SPLICE_005,108.26,54.67,7.0,1.32,0.47,WARNING
2026-09-05 09:04:25.659585,SPLICE_005,100.77,36.8,1.85,1.47,0.0,NORMAL
2026-09-05 09:04:27.659585,SPLICE_003,100.87,19.97,2.87,1.62,0.05,NORMAL
2026-09-05 09:04:29.659585,SPLICE_004,119.52,82.74,20.75,1.09,0.79,CRITICAL
2026-09-05 09:04:31.659585,SPLICE_002,111.06,52.36,6.84,1.4,0.24,WARNING
2026-09-05 09:04:33.659585,SPLICE_005,111.9,54.69,9.5,1.29,0.48,WARNING
2026-09-05 09:04:35.659585,SPLICE_002,99.86,39.46,1.98,1.54,0.09,NORMAL
2026-09-05 09:04:37.659585,SPLICE_004,98.75,25.11,2.12,1.48,0.05,NORMAL
2026-09-05 09:04:39.659585,SPLICE_005,102.06,26.28,0.85,1.46,0.03,NORMAL
2026-09-05 09:04:41.659585,SPLICE_001,112.72,88.39,16.82,0.74,0.87,CRITICAL
2026-09-05 09:04:43.659585,SPLICE_001,109.45,58.95,6.92,1.39,0.31,WARNING
2026-09-05 09:04:45.659585,SPLICE_004,104.65,48.95,7.45,1.21,0.47,WARNING
2026-09-05 09:04:47.659585,SPLICE_003,102.93,26.03,0.75,1.45,0.11,NORMAL
2026-09-05 09:04:49.659585,SPLICE_005,118.18,83.82,13.18,1.24,0.94,CRITICAL
2026-09-05 09:04:51.659585,SPLICE_004,101.4,37.35,1.64,1.56,0.04,NORMAL
2026-09-05 09:04:53.659585,SPLICE_001,129.72,92.24,24.48,1.41,0.98,CRITICAL
2026-09-05 09:04:55.659585,SPLICE_002,105.19,51.29,9.42,1.4,0.4,WARNING
2026-09-05 09:04:57.659585,SPLICE_001,98.8,32.06,2.85,1.45,0.03,NORMAL
2026-09-05 09:04:59.659585,SPLICE_002,102.12,48.45,9.65,1.3,0.35,WARNING
2026-09-05 09:05:01.659585,SPLICE_005,98.17,30.63,1.5,1.56,0.13,NORMAL
2026-09-05 09:05:03.659585,SPLICE_003,98.25,33.4,2.27,1.54,0.09,NORMAL
2026-09-05 09:05:05.659585,SPLICE_001,98.48,33.32,3.06,1.47,0.14,NORMAL
2026-09-05 09:05:07.659585,SPLICE_005,99.33,37.61,1.21,1.57,0.04,NORMAL
2026-09-05 09:05:09.659585,SPLICE_004,100.42,30.29,1.61,1.4,0.13,NORMAL
2026-09-05 09:05:11.659585,SPLICE_005,102.41,30.73,2.37,1.55,0.17,NORMAL
2026-09-05 09:05:13.659585,SPLICE_002,99.37,26.02,1.75,1.52,0.02,NORMAL
2026-09-05 09:05:15.659585,SPLICE_003,107.59,58.65,7.43,1.38,0.47,WARNING
2026-09-05 09:05:17.659585,SPLICE_004,109.85,55.62,4.38,1.37,0.31,WARNING
2026-09-05 09:05:19.659585,SPLICE_003,106.55,32.7,2.57,1.53,0.12,NORMAL
2026-09-05 09:05:21.659585,SPLICE_003,98.74,32.87,1.89,1.49,0.14,NORMAL
2026-09-05 09:05:23.659585,SPLICE_002,101.97,28.82,2.67,1.41,0.08,NORMAL
2026-09-05 09:05:25.659585,SPLICE_005,102.1,30.49,1.77,1.52,0.09,NORMAL
2026-09-05 09:05:27.659585,SPLICE_001,101.27,30.35,1.23,1.57,0.0,NORMAL
2026-09-05 09:05:29.659585,SPLICE_004,99.96,28.76,1.57,1.5,0.14,NORMAL
2026-09-05 09:05:31.659585,SPLICE_001,101.03,21.17,1.13,1.47,0.08,NORMAL
2026-09-05 09:05:33.659585,SPLICE_002,100.4,22.22,2.04,1.43,0.03,NORMAL
2026-09-05 09:05:35.659585,SPLICE_004,102.32,33.91,1.92,1.45,0.01,NORMAL
2026-09-05 09:05:37.659585,SPLICE_001,96.97,33.15,3.76,1.64,0.18,NORMAL
2026-09-05 09:05:39.659585,SPLICE_003,112.63,65.45,8.13,1.39,0.51,WARNING
2026-09-05 09:05:41.659585,SPLICE_005,101.55,27.58,3.24,1.49,0.16,NORMAL
2026-09-05 09:05:43.659585,SPLICE_003,101.19,25.4,0.98,1.45,0.06,NORMAL
2026-09-05 09:05:45.659585,SPLICE_002,110.45,92.6,12.53,1.0,0.79,CRITICAL
2026-09-05 09:05:47.659585,SPLICE_004,98.07,35.91,1.46,1.4,0.13,NORMAL
2026-09-05 09:05:49.659585,SPLICE_003,99.35,28.16,1.58,1.53,0.08,NORMAL
2026-09-05 09:05:51.659585,SPLICE_002,100.74,34.19,3.29,1.44,0.0,NORMAL
2026-09-05 09:05:53.659585,SPLICE_004,105.71,68.84,2.51,1.42,0.39,WARNING
2026-09-05 09:05:55.659585,SPLICE_005,108.11,57.79,6.28,1.46,0.24,WARNING
2026-09-05 09:05:57.659585,SPLICE_002,99.32,26.86,3.23,1.52,0.18,NORMAL
2026-09-05 09:05:59.659585,SPLICE_001,106.07,36.78,6.75,1.36,0.27,WARNING
2026-09-05 09:06:01.659585,SPLICE_002,98.97,40.62,0.77,1.49,0.19,NORMAL
2026-09-05 09:06:03.659585,SPLICE_001,106.26,43.05,7.8,1.57,0.57,WARNING
2026-09-05 09:06:05.659585,SPLICE_002,98.67,18.79,2.21,1.46,0.06,NORMAL
2026-09-05 09:06:07.659585,SPLICE_004,100.32,23.9,1.2,1.5,0.14,NORMAL
2026-09-05 09:06:09.659585,SPLICE_001,97.65,32.34,3.78,1.49,0.11,NORMAL
2026-09-05 09:06:11.659585,SPLICE_003,106.89,75.45,17.44,1.22,0.87,CRITICAL
2026-09-05 09:06:13.659585,SPLICE_001,99.85,26.05,3.02,1.48,0.08,NORMAL
2026-09-05 09:06:15.659585,SPLICE_001,104.05,25.54,0.75,1.52,0.07,NORMAL
2026-09-05 09:06:17.659585,SPLICE_004,104.71,38.04,5.53,1.37,0.26,WARNING
2026-09-05 09:06:19.659585,SPLICE_001,114.84,79.83,20.56,1.4,0.93,CRITICAL
2026-09-05 09:06:21.659585,SPLICE_003,100.02,25.1,2.74,1.58,0.17,NORMAL
2026-09-05 09:06:23.659585,SPLICE_004,100.42,27.66,0.26,1.53,0.07,NORMAL
2026-09-05 09:06:25.659585,SPLICE_005,101.71,31.32,3.31,1.5,0.08,NORMAL
2026-09-05 09:06:27.659585,SPLICE_004,99.72,27.37,3.25,1.45,0.15,NORMAL
2026-09-05 09:06:29.659585,SPLICE_004,100.73,21.39,1.64,1.44,0.07,NORMAL
2026-09-05 09:06:31.659585,SPLICE_002,100.1,37.35,2.38,1.47,0.08,NORMAL
2026-09-05 09:06:33.659585,SPLICE_002,98.53,23.0,0.15,1.5,0.05,NORMAL
2026-09-05 09:06:35.659585,SPLICE_004,105.23,54.57,5.78,1.45,0.22,WARNING
2026-09-05 09:06:37.659585,SPLICE_001,102.38,33.34,1.97,1.57,0.04,NORMAL
2026-09-05 09:06:39.659585,SPLICE_005,101.78,35.29,2.37,1.49,0.02,NORMAL
2026-09-05 09:06:41.659585,SPLICE_003,100.79,30.85,1.15,1.53,0.09,NORMAL
2026-09-05 09:06:43.659585,SPLICE_005,99.65,26.61,1.33,1.57,0.07,NORMAL
2026-09-05 09:06:45.659585,SPLICE_001,101.99,31.27,1.87,1.47,0.03,NORMAL
2026-09-05 09:06:47.659585,SPLICE_002,98.72,31.59,0.76,1.55,0.04,NORMAL
2026-09-05 09:06:49.659585,SPLICE_005,99.25,29.76,2.24,1.32,0.06,NORMAL
2026-09-05 09:06:51.659585,SPLICE_005,105.04,47.36,9.19,1.47,0.41,WARNING
2026-09-05 09:06:53.659585,SPLICE_004,102.06,58.15,5.4,1.35,0.3,WARNING
2026-09-05 09:06:55.659585,SPLICE_003,100.22,22.31,2.65,1.5,0.04,NORMAL
2026-09-05 09:06:57.659585,SPLICE_004,102.2,32.46,0.39,1.52,0.05,NORMAL
2026-09-05 09:06:59.659585,SPLICE_005,101.42,25.15,1.77,1.57,0.14,NORMAL
2026-09-05 09:07:01.659585,SPLICE_004,97.8,28.19,3.44,1.41,0.19,NORMAL
2026-09-05 09:07:03.659585,SPLICE_001,100.03,26.16,2.1,1.4,0.0,NORMAL
2026-09-05 09:07:05.659585,SPLICE_002,101.89,27.24,0.13,1.6,0.06,NORMAL
2026-09-05 09:07:07.659585,SPLICE_003,98.25,22.44,0.05,1.44,0.17,NORMAL
2026-09-05 09:07:09.659585,SPLICE_004,103.04,19.32,2.76,1.46,0.11,NORMAL
2026-09-05 09:07:11.659585,SPLICE_005,117.86,91.29,17.8,1.06,0.92,CRITICAL
2026-09-05 09:07:13.659585,SPLICE_002,97.94,27.58,2.0,1.5,0.07,NORMAL
2026-09-05 09:07:15.659585,SPLICE_002,97.34,31.17,1.58,1.53,0.05,NORMAL
2026-09-05 09:07:17.659585,SPLICE_001,105.36,26.19,5.6,1.31,0.27,WARNING
2026-09-05 09:07:19.659585,SPLICE_002,101.88,33.8,3.8,1.48,0.15,NORMAL
2026-09-05 09:07:21.659585,SPLICE_004,99.0,32.72,1.77,1.49,0.03,NORMAL
2026-09-05 09:07:23.659585,SPLICE_002,99.6,38.26,2.7,1.54,0.12,NORMAL
2026-09-05 09:07:25.659585,SPLICE_005,102.06,22.96,2.44,1.54,0.05,NORMAL
2026-09-05 09:07:27.659585,SPLICE_003,120.07,91.52,14.22,1.28,0.64,CRITICAL
2026-09-05 09:07:29.659585,SPLICE_001,110.73,54.62,5.55,1.31,0.3,WARNING
2026-09-05 09:07:31.659585,SPLICE_003,118.77,86.34,17.31,1.02,0.9,CRITICAL
2026-09-05 09:07:33.659585,SPLICE_005,98.57,35.89,1.7,1.44,0.16,NORMAL
2026-09-05 09:07:35.659585,SPLICE_002,112.6,38.5,3.91,1.53,0.36,WARNING
2026-09-05 09:07:37.659585,SPLICE_004,100.75,30.83,3.54,1.51,0.02,NORMAL
2026-09-05 09:07:39.659585,SPLICE_002,100.02,22.59,1.66,1.5,0.05,NORMAL
2026-09-05 09:07:41.659585,SPLICE_001,105.42,32.6,2.21,1.53,0.08,NORMAL
2026-09-05 09:07:43.659585,SPLICE_005,99.31,28.59,2.64,1.59,0.16,NORMAL
2026-09-05 09:07:45.659585,SPLICE_005,101.46,36.96,2.02,1.52,0.02,NORMAL
2026-09-05 09:07:47.659585,SPLICE_003,112.34,92.04,18.19,1.44,0.78,CRITICAL
2026-09-05 09:07:49.659585,SPLICE_002,101.78,44.62,9.63,1.47,0.47,WARNING
2026-09-05 09:07:51.659585,SPLICE_003,105.91,43.63,6.76,1.55,0.41,WARNING
2026-09-05 09:07:53.659585,SPLICE_003,101.39,35.83,2.89,1.49,0.03,NORMAL
2026-09-05 09:07:55.659585,SPLICE_002,101.64,25.44,2.34,1.51,0.2,NORMAL
2026-09-05 09:07:57.659585,SPLICE_002,109.12,46.85,6.54,1.31,0.54,WARNING
2026-09-05 09:07:59.659585,SPLICE_005,109.62,40.96,11.44,1.41,0.59,WARNING
2026-09-05 09:08:01.659585,SPLICE_001,100.21,26.81,1.94,1.56,0.02,NORMAL
2026-09-05 09:08:03.659585,SPLICE_004,96.18,33.44,2.19,1.49,0.1,NORMAL
2026-09-05 09:08:05.659585,SPLICE_003,97.32,28.4,2.14,1.41,0.05,NORMAL
2026-09-05 09:08:07.659585,SPLICE_002,117.26,71.76,20.68,1.08,0.82,CRITICAL
2026-09-05 09:08:09.659585,SPLICE_004,110.92,39.62,8.15,1.38,0.22,WARNING
2026-09-05 09:08:11.659585,SPLICE_004,101.44,31.6,1.48,1.53,0.06,NORMAL
2026-09-05 09:08:13.659585,SPLICE_002,104.65,56.87,8.2,1.49,0.49,WARNING
2026-09-05 09:08:15.659585,SPLICE_005,100.59,27.31,2.94,1.53,0.01,NORMAL
2026-09-05 09:08:17.659585,SPLICE_005,105.82,53.23,7.38,1.29,0.57,WARNING
2026-09-05 09:08:19.659585,SPLICE_002,102.17,28.29,1.0,1.61,0.19,NORMAL
2026-09-05 09:08:21.659585,SPLICE_002,99.45,28.19,1.94,1.48,0.06,NORMAL
2026-09-05 09:08:23.659585,SPLICE_003,100.56,34.93,2.65,1.62,0.02,NORMAL
2026-09-05 09:08:25.659585,SPLICE_001,111.75,81.73,23.01,1.15,0.95,CRITICAL
2026-09-05 09:08:27.659585,SPLICE_005,97.47,34.84,1.19,1.44,0.05,NORMAL
2026-09-05 09:08:29.659585,SPLICE_005,94.3,32.72,4.05,1.51,0.08,NORMAL
2026-09-05 09:08:31.659585,SPLICE_005,98.63,27.44,3.27,1.46,0.15,NORMAL
2026-09-05 09:08:33.659585,SPLICE_005,97.69,33.63,3.53,1.6,0.1,NORMAL
2026-09-05 09:08:35.659585,SPLICE_005,99.02,44.93,3.71,1.53,0.02,NORMAL
2026-09-05 09:08:37.659585,SPLICE_004,98.84,32.0,0.68,1.49,0.1,NORMAL
2026-09-05 09:08:39.659585,SPLICE_001,97.17,36.51,0.39,1.54,0.18,NORMAL
2026-09-05 09:08:41.659585,SPLICE_003,100.33,35.3,0.81,1.45,0.01,NORMAL
2026-09-05 09:08:43.659585,SPLICE_001,105.38,65.57,6.34,1.2,0.53,WARNING
2026-09-05 09:08:45.659585,SPLICE_003,97.32,27.57,0.51,1.44,0.04,NORMAL
2026-09-05 09:08:47.659585,SPLICE_003,98.95,42.03,3.26,1.53,0.15,NORMAL
2026-09-05 09:08:49.659585,SPLICE_001,100.67,32.82,1.79,1.53,0.1,NORMAL
2026-09-05 09:08:51.659585,SPLICE_001,104.89,53.08,5.5,1.34,0.21,WARNING
2026-09-05 09:08:53.659585,SPLICE_001,98.62,32.34,3.31,1.56,0.0,NORMAL
2026-09-05 09:08:55.659585,SPLICE_004,116.5,92.42,18.04,1.16,0.72,CRITICAL
2026-09-05 09:08:57.659585,SPLICE_004,98.19,30.71,2.31,1.43,0.15,NORMAL
2026-09-05 09:08:59.659585,SPLICE_004,97.33,32.97,2.91,1.5,0.08,NORMAL
2026-09-05 09:09:01.659585,SPLICE_004,95.56,42.09,3.5,1.49,0.11,NORMAL
2026-09-05 09:09:03.659585,SPLICE_004,102.62,48.17,7.18,1.35,0.29,WARNING
2026-09-05 09:09:05.659585,SPLICE_005,100.82,25.29,3.12,1.54,0.1,NORMAL
2026-09-05 09:09:07.659585,SPLICE_002,101.02,35.77,1.14,1.47,0.09,NORMAL
2026-09-05 09:09:09.659585,SPLICE_001,110.06,71.8,6.92,1.62,0.21,WARNING
2026-09-05 09:09:11.659585,SPLICE_001,103.01,33.91,3.49,1.48,0.05,NORMAL
2026-09-05 09:09:13.659585,SPLICE_003,98.88,27.7,3.03,1.48,0.17,NORMAL
2026-09-05 09:09:15.659585,SPLICE_001,102.68,21.2,1.06,1.54,0.03,NORMAL
2026-09-05 09:09:17.659585,SPLICE_002,106.24,57.57,5.02,1.47,0.3,WARNING
2026-09-05 09:09:19.659585,SPLICE_002,99.96,56.06,5.95,1.33,0.21,WARNING
2026-09-05 09:09:21.659585,SPLICE_005,114.64,103.89,15.95,1.07,0.64,CRITICAL
2026-09-05 09:09:23.659585,SPLICE_001,100.92,28.53,1.64,1.51,0.16,NORMAL
2026-09-05 09:09:25.659585,SPLICE_005,109.63,54.81,10.28,1.49,0.6,WARNING
2026-09-05 09:09:27.659585,SPLICE_001,101.22,23.41,1.44,1.5,0.0,NORMAL
2026-09-05 09:09:29.659585,SPLICE_002,100.65,25.82,3.65,1.6,0.01,NORMAL
2026-09-05 09:09:31.659585,SPLICE_004,101.6,29.71,3.64,1.43,0.16,NORMAL
2026-09-05 09:09:33.659585,SPLICE_001,100.2,37.49,1.69,1.55,0.18,NORMAL
2026-09-05 09:09:35.659585,SPLICE_002,98.4,25.26,0.56,1.48,0.05,NORMAL
2026-09-05 09:09:37.659585,SPLICE_005,112.36,62.82,2.23,1.34,0.57,WARNING
2026-09-05 09:09:39.659585,SPLICE_005,99.56,24.96,1.97,1.39,0.09,NORMAL
2026-09-05 09:09:41.659585,SPLICE_003,97.72,30.3,0.37,1.5,0.04,NORMAL
2026-09-05 09:09:43.659585,SPLICE_001,103.85,24.48,2.91,1.56,0.09,NORMAL
2026-09-05 09:09:45.659585,SPLICE_005,96.89,22.98,1.92,1.61,0.17,NORMAL
2026-09-05 09:09:47.659585,SPLICE_004,99.88,30.35,2.34,1.45,0.06,NORMAL
2026-09-05 09:09:49.659585,SPLICE_003,101.91,33.95,1.37,1.46,0.1,NORMAL
2026-09-05 09:09:51.659585,SPLICE_001,98.94,25.52,1.09,1.48,0.04,NORMAL
2026-09-05 09:09:53.659585,SPLICE_005,98.92,32.33,2.08,1.49,0.2,NORMAL
2026-09-05 09:09:55.659585,SPLICE_001,98.44,28.28,2.86,1.51,0.16,NORMAL
2026-09-05 09:09:57.659585,SPLICE_002,96.99,34.98,1.12,1.5,0.14,NORMAL
2026-09-05 09:09:59.659585,SPLICE_001,103.62,32.0,1.4,1.53,0.05,NORMAL
2026-09-05 09:10:01.659585,SPLICE_001,95.86,30.77,1.92,1.56,0.16,NORMAL
2026-09-05 09:10:03.659585,SPLICE_004,102.88,32.12,2.97,1.48,0.05,NORMAL
2026-09-05 09:10:05.659585,SPLICE_003,97.08,31.18,0.02,1.49,0.05,NORMAL
2026-09-05 09:10:07.659585,SPLICE_005,101.32,29.26,2.03,1.49,0.1,NORMAL
2026-09-05 09:10:09.659585,SPLICE_003,109.46,64.3,7.87,1.42,0.53,WARNING
2026-09-05 09:10:11.659585,SPLICE_003,99.93,27.08,0.38,1.46,0.09,NORMAL
2026-09-05 09:10:13.659585,SPLICE_001,97.69,20.1,1.96,1.54,0.12,NORMAL
2026-09-05 09:10:15.659585,SPLICE_004,99.1,35.31,0.07,1.43,0.07,NORMAL
2026-09-05 09:10:17.659585,SPLICE_003,98.22,29.2,0.99,1.52,0.1,NORMAL
2026-09-05 09:10:19.659585,SPLICE_002,105.45,71.2,6.15,1.39,0.54,WARNING
2026-09-05 09:10:21.659585,SPLICE_001,101.76,25.27,1.82,1.51,0.18,NORMAL
2026-09-05 09:10:23.659585,SPLICE_003,106.3,53.29,3.38,1.66,0.29,WARNING
2026-09-05 09:10:25.659585,SPLICE_004,110.46,91.04,8.53,1.25,0.98,CRITICAL
2026-09-05 09:10:27.659585,SPLICE_005,99.01,22.59,1.95,1.42,0.17,NORMAL
2026-09-05 09:10:29.659585,SPLICE_001,107.88,68.32,7.53,1.34,0.27,WARNING
2026-09-05 09:10:31.659585,SPLICE_005,98.62,33.94,0.19,1.45,0.17,NORMAL
2026-09-05 09:10:33.659585,SPLICE_005,100.36,24.82,2.44,1.46,0.18,NORMAL
2026-09-05 09:10:35.659585,SPLICE_004,98.98,16.02,2.04,1.54,0.1,NORMAL
2026-09-05 09:10:37.659585,SPLICE_002,103.49,33.61,1.25,1.49,0.16,NORMAL
2026-09-05 09:10:39.659585,SPLICE_001,98.38,28.76,2.88,1.52,0.18,NORMAL
2026-09-05 09:10:41.659585,SPLICE_001,99.06,35.61,3.6,1.58,0.07,NORMAL
2026-09-05 09:10:43.659585,SPLICE_005,106.02,62.37,7.2,1.4,0.4,WARNING
2026-09-05 09:10:45.659585,SPLICE_005,100.11,23.37,2.56,1.53,0.16,NORMAL
2026-09-05 09:10:47.659585,SPLICE_004,97.97,34.29,1.69,1.49,0.2,NORMAL
2026-09-05 09:10:49.659585,SPLICE_002,115.54,94.98,17.57,1.51,0.62,CRITICAL
2026-09-05 09:10:51.659585,SPLICE_002,100.07,38.43,2.04,1.61,0.1,NORMAL
2026-09-05 09:10:53.659585,SPLICE_004,98.92,25.99,1.6,1.48,0.19,NORMAL
2026-09-05 09:10:55.659585,SPLICE_004,99.05,26.44,3.73,1.57,0.03,NORMAL
2026-09-05 09:10:57.659585,SPLICE_002,107.87,60.13,5.43,1.3,0.58,WARNING
2026-09-05 09:10:59.659585,SPLICE_003,101.08,34.46,1.85,1.46,0.11,NORMAL
2026-09-05 09:11:01.659585,SPLICE_001,99.56,23.34,0.35,1.55,0.16,NORMAL
2026-09-05 09:11:03.659585,SPLICE_005,99.05,34.57,1.74,1.51,0.02,NORMAL
2026-09-05 09:11:05.659585,SPLICE_003,104.7,72.49,6.51,1.47,0.31,WARNING
2026-09-05 09:11:07.659585,SPLICE_005,93.77,30.26,3.3,1.45,0.15,NORMAL
2026-09-05 09:11:09.659585,SPLICE_001,108.74,47.1,10.23,1.3,0.39,WARNING
2026-09-05 09:11:11.659585,SPLICE_005,96.73,28.65,1.85,1.5,0.1,NORMAL
2026-09-05 09:11:13.659585,SPLICE_004,106.75,33.38,1.59,1.45,0.08,NORMAL
2026-09-05 09:11:15.659585,SPLICE_002,102.34,27.27,4.6,1.54,0.17,NORMAL
2026-09-05 09:11:17.659585,SPLICE_005,99.35,31.34,1.48,1.59,0.06,NORMAL
2026-09-05 09:11:19.659585,SPLICE_001,114.91,78.52,9.86,1.09,0.88,CRITICAL
2026-09-05 09:11:21.659585,SPLICE_005,103.75,61.34,4.05,1.51,0.3,WARNING
2026-09-05 09:11:23.659585,SPLICE_003,106.93,46.96,7.22,1.27,0.44,WARNING
2026-09-05 09:11:25.659585,SPLICE_003,103.41,64.08,6.37,1.54,0.38,WARNING
2026-09-05 09:11:27.659585,SPLICE_003,103.68,30.56,1.39,1.48,0.11,NORMAL
2026-09-05 09:11:29.659585,SPLICE_004,98.73,20.47,1.91,1.61,0.12,NORMAL
2026-09-05 09:11:31.659585,SPLICE_004,103.33,31.54,2.31,1.59,0.14,NORMAL
2026-09-05 09:11:33.659585,SPLICE_003,99.63,35.16,3.45,1.48,0.12,NORMAL
2026-09-05 09:11:35.659585,SPLICE_005,100.26,27.04,0.16,1.46,0.02,NORMAL
2026-09-05 09:11:37.659585,SPLICE_004,98.19,43.49,2.24,1.46,0.15,NORMAL
2026-09-05 09:11:39.659585,SPLICE_003,100.57,30.94,2.55,1.49,0.17,NORMAL
2026-09-05 09:11:41.659585,SPLICE_001,103.52,51.06,2.98,1.27,0.43,WARNING
2026-09-05 09:11:43.659585,SPLICE_003,110.55,59.05,5.06,1.4,0.54,WARNING
2026-09-05 09:11:45.659585,SPLICE_001,99.68,28.78,2.06,1.49,0.17,NORMAL
2026-09-05 09:11:47.659585,SPLICE_003,101.49,29.43,3.76,1.56,0.17,NORMAL
2026-09-05 09:11:49.659585,SPLICE_004,103.09,44.18,7.3,1.38,0.36,WARNING
2026-09-05 09:11:51.659585,SPLICE_001,114.93,87.6,20.6,1.58,0.73,CRITICAL
2026-09-05 09:11:53.659585,SPLICE_002,99.25,31.58,2.58,1.56,0.08,NORMAL
2026-09-05 09:11:55.659585,SPLICE_004,107.84,51.65,7.87,1.58,0.44,WARNING
2026-09-05 09:11:57.659585,SPLICE_003,99.89,25.55,1.44,1.47,0.13,NORMAL
2026-09-05 09:11:59.659585,SPLICE_004,99.63,34.0,2.59,1.44,0.17,NORMAL
2026-09-05 09:12:01.659585,SPLICE_001,101.14,31.91,3.63,1.51,0.03,NORMAL
2026-09-05 09:12:03.659585,SPLICE_002,109.17,68.99,18.12,1.2,0.95,CRITICAL
2026-09-05 09:12:05.659585,SPLICE_004,105.45,53.35,4.27,1.31,0.45,WARNING
2026-09-05 09:12:07.659585,SPLICE_005,108.98,58.61,4.08,1.41,0.41,WARNING
2026-09-05 09:12:09.659585,SPLICE_001,103.26,31.85,1.41,1.44,0.07,NORMAL
2026-09-05 09:12:11.659585,SPLICE_002,99.87,32.76,2.81,1.54,0.05,NORMAL
2026-09-05 09:12:13.659585,SPLICE_005,101.85,30.84,2.68,1.5,0.04,NORMAL
2026-09-05 09:12:15.659585,SPLICE_005,107.33,56.46,7.66,1.43,0.43,WARNING
2026-09-05 09:12:17.659585,SPLICE_001,101.25,29.15,3.35,1.38,0.09,NORMAL
2026-09-05 09:12:19.659585,SPLICE_002,102.53,75.33,11.24,1.27,0.26,WARNING
2026-09-05 09:12:21.659585,SPLICE_002,98.84,31.48,1.94,1.5,0.04,NORMAL
2026-09-05 09:12:23.659585,SPLICE_001,117.24,88.25,10.19,1.27,0.71,CRITICAL
2026-09-05 09:12:25.659585,SPLICE_002,101.23,29.84,2.83,1.45,0.09,NORMAL
2026-09-05 09:12:27.659585,SPLICE_004,99.2,20.82,2.81,1.45,0.01,NORMAL
2026-09-05 09:12:29.659585,SPLICE_001,100.32,30.97,1.98,1.53,0.15,NORMAL
2026-09-05 09:12:31.659585,SPLICE_002,97.71,27.66,0.77,1.49,0.2,NORMAL
2026-09-05 09:12:33.659585,SPLICE_005,100.38,25.74,2.67,1.61,0.13,NORMAL
2026-09-05 09:12:35.659585,SPLICE_004,100.29,25.01,2.27,1.49,0.15,NORMAL
2026-09-05 09:12:37.659585,SPLICE_003,98.23,26.88,0.9,1.54,0.1,NORMAL
2026-09-05 09:12:39.659585,SPLICE_003,107.01,60.41,3.76,1.27,0.38,WARNING
2026-09-05 09:12:41.659585,SPLICE_001,100.92,24.48,2.99,1.48,0.15,NORMAL
2026-09-05 09:12:43.659585,SPLICE_004,96.82,36.47,2.65,1.47,0.1,NORMAL
2026-09-05 09:12:45.659585,SPLICE_005,104.02,50.24,7.96,1.34,0.29,WARNING
2026-09-05 09:12:47.659585,SPLICE_002,98.2,66.44,9.0,1.42,0.55,WARNING
2026-09-05 09:12:49.659585,SPLICE_002,99.36,29.84,3.91,1.43,0.11,NORMAL
2026-09-05 09:12:51.659585,SPLICE_003,98.06,32.12,0.91,1.53,0.15,NORMAL
2026-09-05 09:12:53.659585,SPLICE_005,102.53,25.14,1.89,1.47,0.14,NORMAL
2026-09-05 09:12:55.659585,SPLICE_001,101.37,26.83,3.2,1.59,0.07,NORMAL
2026-09-05 09:12:57.659585,SPLICE_002,105.01,27.74,3.9,1.49,0.09,NORMAL
2026-09-05 09:12:59.659585,SPLICE_005,104.18,49.95,8.56,1.47,0.28,WARNING
2026-09-05 09:13:01.659585,SPLICE_002,100.01,32.92,2.24,1.52,0.14,NORMAL
2026-09-05 09:13:03.659585,SPLICE_003,109.45,50.01,9.07,1.35,0.25,WARNING
2026-09-05 09:13:05.659585,SPLICE_003,99.01,24.92,0.26,1.45,0.15,NORMAL
2026-09-05 09:13:07.659585,SPLICE_004,105.19,49.15,6.49,1.35,0.35,WARNING
2026-09-05 09:13:09.659585,SPLICE_004,100.96,36.92,3.27,1.54,0.02,NORMAL
2026-09-05 09:13:11.659585,SPLICE_004,101.04,34.21,2.94,1.51,0.14,NORMAL
2026-09-05 09:13:13.659585,SPLICE_005,105.04,44.1,5.63,1.4,0.58,WARNING
2026-09-05 09:13:15.659585,SPLICE_004,100.78,26.33,1.54,1.5,0.18,NORMAL
2026-09-05 09:13:17.659585,SPLICE_001,100.16,35.89,1.56,1.48,0.07,NORMAL
2026-09-05 09:13:19.659585,SPLICE_003,100.09,21.55,2.08,1.52,0.18,NORMAL
2026-09-05 09:13:21.659585,SPLICE_005,99.3,40.74,1.91,1.56,0.17,NORMAL
2026-09-05 09:13:23.659585,SPLICE_003,98.6,28.04,2.27,1.55,0.18,NORMAL
2026-09-05 09:13:25.659585,SPLICE_004,95.29,30.09,3.23,1.53,0.06,NORMAL
2026-09-05 09:13:27.659585,SPLICE_003,103.53,32.4,2.25,1.49,0.12,NORMAL
2026-09-05 09:13:29.659585,SPLICE_003,99.71,32.03,2.02,1.45,0.02,NORMAL
2026-09-05 09:13:31.659585,SPLICE_003,100.32,38.17,1.4,1.49,0.12,NORMAL
2026-09-05 09:13:33.659585,SPLICE_005,101.14,60.04,6.47,1.46,0.38,WARNING
2026-09-05 09:13:35.659585,SPLICE_001,103.22,55.81,6.64,1.46,0.23,WARNING
2026-09-05 09:13:37.659585,SPLICE_005,102.91,21.82,3.94,1.51,0.01,NORMAL
2026-09-05 09:13:39.659585,SPLICE_003,101.69,27.14,3.27,1.42,0.03,NORMAL
2026-09-05 09:13:41.659585,SPLICE_001,99.23,26.19,4.59,1.52,0.16,NORMAL
2026-09-05 09:13:43.659585,SPLICE_003,102.25,38.07,1.26,1.38,0.08,NORMAL
2026-09-05 09:13:45.659585,SPLICE_004,99.08,32.91,2.22,1.49,0.17,NORMAL
2026-09-05 09:13:47.659585,SPLICE_001,104.93,29.46,2.95,1.45,0.12,NORMAL
2026-09-05 09:13:49.659585,SPLICE_005,103.63,60.54,6.43,1.52,0.43,WARNING
2026-09-05 09:13:51.659585,SPLICE_003,102.31,50.66,6.29,1.55,0.28,WARNING
2026-09-05 09:13:53.659585,SPLICE_002,103.03,35.73,0.89,1.44,0.07,NORMAL
2026-09-05 09:13:55.659585,SPLICE_004,113.0,86.63,12.12,1.31,0.63,CRITICAL
2026-09-05 09:13:57.659585,SPLICE_003,103.23,26.15,3.14,1.51,0.06,NORMAL
2026-09-05 09:13:59.659585,SPLICE_002,100.64,78.13,8.59,1.37,0.27,WARNING
2026-09-05 09:14:01.659585,SPLICE_005,100.49,24.37,0.91,1.53,0.08,NORMAL
2026-09-05 09:14:03.659585,SPLICE_001,102.39,34.19,2.71,1.5,0.15,NORMAL
2026-09-05 09:14:05.659585,SPLICE_003,112.92,43.81,8.59,1.57,0.55,WARNING
2026-09-05 09:14:07.659585,SPLICE_005,101.89,47.16,9.29,1.53,0.45,WARNING
2026-09-05 09:14:09.659585,SPLICE_002,114.66,96.94,13.63,1.34,0.97,CRITICAL
2026-09-05 09:14:11.659585,SPLICE_003,97.89,34.32,3.28,1.62,0.03,NORMAL
2026-09-05 09:14:13.659585,SPLICE_002,96.63,34.16,2.87,1.52,0.14,NORMAL
2026-09-05 09:14:15.659585,SPLICE_003,100.39,18.87,2.23,1.5,0.05,NORMAL
2026-09-05 09:14:17.659585,SPLICE_003,101.02,31.01,2.53,1.49,0.14,NORMAL
2026-09-05 09:14:19.659585,SPLICE_005,94.15,24.28,0.86,1.51,0.09,NORMAL
2026-09-05 09:14:21.659585,SPLICE_001,103.18,27.06,0.56,1.53,0.18,NORMAL
2026-09-05 09:14:23.659585,SPLICE_005,100.78,37.23,2.47,1.51,0.14,NORMAL
2026-09-05 09:14:25.659585,SPLICE_005,102.83,25.63,1.89,1.48,0.08,NORMAL
2026-09-05 09:14:27.659585,SPLICE_002,100.74,25.6,3.09,1.42,0.19,NORMAL
2026-09-05 09:14:29.659585,SPLICE_004,101.05,26.0,1.69,1.51,0.17,NORMAL
2026-09-05 09:14:31.659585,SPLICE_004,100.24,19.5,0.28,1.51,0.18,NORMAL
2026-09-05 09:14:33.659585,SPLICE_002,99.1,29.35,2.29,1.41,0.08,NORMAL
2026-09-05 09:14:35.659585,SPLICE_002,98.7,28.01,0.93,1.42,0.12,NORMAL
2026-09-05 09:14:37.659585,SPLICE_005,103.75,67.16,7.26,1.49,0.38,WARNING
2026-09-05 09:14:39.659585,SPLICE_004,100.84,30.68,1.64,1.4,0.06,NORMAL
2026-09-05 09:14:41.659585,SPLICE_002,108.64,59.32,8.24,1.36,0.51,WARNING
2026-09-05 09:14:43.659585,SPLICE_004,102.69,26.04,2.16,1.49,0.11,NORMAL
2026-09-05 09:14:45.659585,SPLICE_002,101.94,23.52,0.81,1.53,0.01,NORMAL
2026-09-05 09:14:47.659585,SPLICE_001,103.71,21.13,3.63,1.51,0.09,NORMAL
2026-09-05 09:14:49.659585,SPLICE_003,98.42,33.28,3.43,1.43,0.0,NORMAL
2026-09-05 09:14:51.659585,SPLICE_002,101.55,32.57,0.88,1.39,0.17,NORMAL
2026-09-05 09:14:53.659585,SPLICE_002,98.53,34.78,3.18,1.44,0.11,NORMAL
2026-09-05 09:14:55.659585,SPLICE_001,99.01,25.6,2.3,1.53,0.2,NORMAL
2026-09-05 09:14:57.659585,SPLICE_004,101.36,26.45,0.11,1.48,0.17,NORMAL
2026-09-05 09:14:59.659585,SPLICE_004,96.82,36.6,3.19,1.48,0.06,NORMAL
2026-09-05 09:15:01.659585,SPLICE_004,102.51,35.94,1.18,1.44,0.17,NORMAL
2026-09-05 09:15:03.659585,SPLICE_001,98.5,35.74,1.28,1.5,0.04,NORMAL
2026-09-05 09:15:05.659585,SPLICE_003,110.67,84.7,16.95,1.32,0.98,CRITICAL
2026-09-05 09:15:07.659585,SPLICE_003,107.08,56.27,11.27,1.52,0.59,WARNING
2026-09-05 09:15:09.659585,SPLICE_005,99.46,30.41,2.48,1.51,0.16,NORMAL
2026-09-05 09:15:11.659585,SPLICE_001,103.53,34.32,0.77,1.55,0.13,NORMAL
2026-09-05 09:15:13.659585,SPLICE_002,97.84,31.68,2.52,1.44,0.03,NORMAL
2026-09-05 09:15:15.659585,SPLICE_003,101.47,27.43,1.86,1.4,0.19,NORMAL
2026-09-05 09:15:17.659585,SPLICE_001,98.91,23.25,3.42,1.53,0.18,NORMAL
2026-09-05 09:15:19.659585,SPLICE_005,100.09,30.34,0.99,1.48,0.14,NORMAL
2026-09-05 09:15:21.659585,SPLICE_001,104.97,55.97,6.0,1.47,0.37,WARNING
2026-09-05 09:15:23.659585,SPLICE_003,111.11,103.53,12.12,1.19,0.76,CRITICAL
2026-09-05 09:15:25.659585,SPLICE_004,106.62,56.06,3.79,1.22,0.48,WARNING
2026-09-05 09:15:27.659585,SPLICE_005,102.78,28.59,1.11,1.51,0.13,NORMAL
2026-09-05 09:15:29.659585,SPLICE_004,106.13,44.07,9.12,1.41,0.38,WARNING
2026-09-05 09:15:31.659585,SPLICE_002,98.14,26.18,1.92,1.5,0.09,NORMAL
2026-09-05 09:15:33.659585,SPLICE_004,101.13,26.76,0.16,1.48,0.07,NORMAL
2026-09-05 09:15:35.659585,SPLICE_002,100.35,35.75,2.55,1.52,0.18,NORMAL
2026-09-05 09:15:37.659585,SPLICE_004,100.68,29.36,1.93,1.49,0.18,NORMAL
2026-09-05 09:15:39.659585,SPLICE_002,103.15,47.46,8.76,1.25,0.38,WARNING
2026-09-05 09:15:41.659585,SPLICE_002,101.06,31.52,0.94,1.53,0.19,NORMAL
2026-09-05 09:15:43.659585,SPLICE_001,98.63,27.7,2.13,1.46,0.02,NORMAL
2026-09-05 09:15:45.659585,SPLICE_002,99.15,26.17,2.73,1.42,0.16,NORMAL
2026-09-05 09:15:47.659585,SPLICE_001,98.41,34.36,1.26,1.4,0.14,NORMAL
2026-09-05 09:15:49.659585,SPLICE_003,100.85,61.61,10.37,1.44,0.22,WARNING
2026-09-05 09:15:51.659585,SPLICE_005,99.95,28.63,2.38,1.46,0.04,NORMAL
2026-09-05 09:15:53.659585,SPLICE_001,97.3,28.5,1.0,1.51,0.0,NORMAL
2026-09-05 09:15:55.659585,SPLICE_001,100.87,26.25,1.14,1.54,0.19,NORMAL
2026-09-05 09:15:57.659585,SPLICE_001,98.02,41.2,2.48,1.49,0.12,NORMAL
2026-09-05 09:15:59.659585,SPLICE_004,97.07,32.16,1.43,1.41,0.02,NORMAL
2026-09-05 09:16:01.659585,SPLICE_003,99.6,30.92,2.33,1.53,0.03,NORMAL
2026-09-05 09:16:03.659585,SPLICE_002,96.37,33.19,2.28,1.49,0.08,NORMAL
2026-09-05 09:16:05.659585,SPLICE_001,97.67,28.21,2.95,1.49,0.07,NORMAL
2026-09-05 09:16:07.659585,SPLICE_001,99.45,28.5,1.7,1.55,0.0,NORMAL
2026-09-05 09:16:09.659585,SPLICE_003,101.33,22.27,1.64,1.51,0.02,NORMAL
2026-09-05 09:16:11.659585,SPLICE_002,100.27,31.15,3.43,1.52,0.09,NORMAL
2026-09-05 09:16:13.659585,SPLICE_001,98.68,36.64,2.82,1.45,0.08,NORMAL
2026-09-05 09:16:15.659585,SPLICE_005,101.47,26.81,2.81,1.49,0.09,NORMAL
2026-09-05 09:16:17.659585,SPLICE_001,105.32,68.33,5.64,1.34,0.37,WARNING
2026-09-05 09:16:19.659585,SPLICE_004,101.17,37.12,0.88,1.55,0.1,NORMAL
2026-09-05 09:16:21.659585,SPLICE_002,105.94,55.81,9.33,1.56,0.52,WARNING
2026-09-05 09:16:23.659585,SPLICE_005,119.18,77.2,10.54,1.38,0.82,CRITICAL
2026-09-05 09:16:25.659585,SPLICE_003,105.53,45.75,6.59,1.5,0.54,WARNING
2026-09-05 09:16:27.659585,SPLICE_003,97.45,31.87,2.2,1.63,0.08,NORMAL
2026-09-05 09:16:29.659585,SPLICE_005,99.57,25.12,0.3,1.46,0.19,NORMAL
2026-09-05 09:16:31.659585,SPLICE_002,102.69,26.76,3.86,1.51,0.05,NORMAL
2026-09-05 09:16:33.659585,SPLICE_004,100.09,33.47,1.56,1.55,0.02,NORMAL
2026-09-05 09:16:35.659585,SPLICE_001,97.23,29.44,2.17,1.5,0.09,NORMAL
2026-09-05 09:16:37.659585,SPLICE_001,115.17,98.47,18.1,1.2,0.96,CRITICAL
2026-09-05 09:16:39.659585,SPLICE_005,98.62,34.84,0.5,1.51,0.09,NORMAL
2026-09-05 09:16:41.659585,SPLICE_002,121.39,84.39,14.23,1.33,0.61,CRITICAL
2026-09-05 09:16:43.659585,SPLICE_005,99.56,31.22,1.73,1.5,0.08,NORMAL
2026-09-05 09:16:45.659585,SPLICE_001,106.28,78.1,14.27,1.18,0.85,CRITICAL
2026-09-05 09:16:47.659585,SPLICE_002,102.5,24.05,0.97,1.53,0.17,NORMAL
2026-09-05 09:16:49.659585,SPLICE_003,98.21,32.87,3.49,1.54,0.06,NORMAL
2026-09-05 09:16:51.659585,SPLICE_001,100.73,35.82,3.09,1.4,0.12,NORMAL
2026-09-05 09:16:53.659585,SPLICE_002,104.99,45.76,4.87,1.23,0.5,WARNING
2026-09-05 09:16:55.659585,SPLICE_003,101.42,29.86,1.32,1.42,0.16,NORMAL
2026-09-05 09:16:57.659585,SPLICE_003,104.07,39.96,1.87,1.47,0.05,NORMAL
2026-09-05 09:16:59.659585,SPLICE_001,100.68,33.72,2.56,1.4,0.17,NORMAL
2026-09-05 09:17:01.659585,SPLICE_001,97.47,23.85,2.11,1.48,0.17,NORMAL
2026-09-05 09:17:03.659585,SPLICE_002,102.84,26.5,0.58,1.57,0.03,NORMAL
2026-09-05 09:17:05.659585,SPLICE_002,101.52,32.24,3.53,1.52,0.02,NORMAL
2026-09-05 09:17:07.659585,SPLICE_004,115.99,97.12,13.9,1.06,0.94,CRITICAL
2026-09-05 09:17:09.659585,SPLICE_003,106.04,62.29,10.23,1.47,0.53,WARNING
2026-09-05 09:17:11.659585,SPLICE_001,100.37,28.86,0.8,1.45,0.08,NORMAL
2026-09-05 09:17:13.659585,SPLICE_003,101.36,30.07,2.61,1.5,0.04,NORMAL
2026-09-05 09:17:15.659585,SPLICE_004,101.67,32.99,2.96,1.58,0.11,NORMAL
2026-09-05 09:17:17.659585,SPLICE_004,100.49,31.37,0.48,1.47,0.17,NORMAL
2026-09-05 09:17:19.659585,SPLICE_004,102.65,28.54,1.05,1.5,0.15,NORMAL
2026-09-05 09:17:21.659585,SPLICE_004,104.71,41.36,6.5,1.35,0.51,WARNING
2026-09-05 09:17:23.659585,SPLICE_002,100.82,25.13,2.24,1.53,0.16,NORMAL
2026-09-05 09:17:25.659585,SPLICE_001,113.52,80.37,16.25,1.29,0.86,CRITICAL
2026-09-05 09:17:27.659585,SPLICE_002,98.15,38.84,1.7,1.6,0.18,NORMAL
2026-09-05 09:17:29.659585,SPLICE_005,97.49,25.01,2.27,1.52,0.1,NORMAL
2026-09-05 09:17:31.659585,SPLICE_005,99.36,27.91,0.85,1.58,0.17,NORMAL
2026-09-05 09:17:33.659585,SPLICE_002,102.52,27.33,0.97,1.48,0.01,NORMAL
2026-09-05 09:17:35.659585,SPLICE_003,101.61,28.86,1.27,1.47,0.19,NORMAL
2026-09-05 09:17:37.659585,SPLICE_002,99.66,29.67,0.29,1.52,0.01,NORMAL
2026-09-05 09:17:39.659585,SPLICE_004,95.72,29.02,2.72,1.49,0.18,NORMAL
2026-09-05 09:17:41.659585,SPLICE_004,101.24,31.73,0.99,1.42,0.12,NORMAL
2026-09-05 09:17:43.659585,SPLICE_001,99.31,41.65,2.17,1.5,0.16,NORMAL
2026-09-05 09:17:45.659585,SPLICE_003,103.33,27.62,1.51,1.49,0.07,NORMAL
2026-09-05 09:17:47.659585,SPLICE_005,105.31,54.63,6.0,1.51,0.43,WARNING
2026-09-05 09:17:49.659585,SPLICE_005,106.74,62.09,4.1,1.31,0.54,WARNING
2026-09-05 09:17:51.659585,SPLICE_002,118.11,91.52,18.87,0.92,0.93,CRITICAL
2026-09-05 09:17:53.659585,SPLICE_003,98.2,27.93,2.29,1.49,0.01,NORMAL
2026-09-05 09:17:55.659585,SPLICE_005,98.6,24.84,2.67,1.61,0.04,NORMAL
2026-09-05 09:17:57.659585,SPLICE_002,99.02,26.86,0.23,1.5,0.19,NORMAL
2026-09-05 09:17:59.659585,SPLICE_004,98.61,29.72,1.11,1.56,0.13,NORMAL
2026-09-05 09:18:01.659585,SPLICE_005,107.61,41.63,5.32,1.28,0.39,WARNING
2026-09-05 09:18:03.659585,SPLICE_005,98.04,29.94,1.06,1.48,0.13,NORMAL
2026-09-05 09:18:05.659585,SPLICE_002,102.66,21.62,1.19,1.58,0.04,NORMAL
2026-09-05 09:18:07.659585,SPLICE_004,103.82,53.67,4.87,1.48,0.32,WARNING
2026-09-05 09:18:09.659585,SPLICE_002,105.54,28.74,0.07,1.57,0.04,NORMAL
2026-09-05 09:18:11.659585,SPLICE_004,98.87,31.85,2.31,1.47,0.04,NORMAL
2026-09-05 09:18:13.659585,SPLICE_003,113.77,65.74,22.15,1.13,0.85,CRITICAL
2026-09-05 09:18:15.659585,SPLICE_001,102.7,34.55,0.99,1.44,0.09,NORMAL
2026-09-05 09:18:17.659585,SPLICE_005,99.15,31.99,1.54,1.48,0.11,NORMAL
2026-09-05 09:18:19.659585,SPLICE_004,107.29,60.21,6.05,1.27,0.4,WARNING
2026-09-05 09:18:21.659585,SPLICE_001,100.86,31.96,2.02,1.54,0.14,NORMAL
2026-09-05 09:18:23.659585,SPLICE_005,100.32,25.18,1.58,1.42,0.13,NORMAL
2026-09-05 09:18:25.659585,SPLICE_004,98.48,26.45,2.13,1.45,0.17,NORMAL
2026-09-05 09:18:27.659585,SPLICE_001,109.1,95.3,21.9,1.27,0.89,CRITICAL
2026-09-05 09:18:29.659585,SPLICE_001,101.66,31.86,2.22,1.55,0.09,NORMAL
2026-09-05 09:18:31.659585,SPLICE_004,102.2,32.44,1.87,1.43,0.17,NORMAL
2026-09-05 09:18:33.659585,SPLICE_005,99.74,22.32,1.72,1.45,0.04,NORMAL
2026-09-05 09:18:35.659585,SPLICE_001,101.94,43.34,7.68,1.34,0.22,WARNING
2026-09-05 09:18:37.659585,SPLICE_005,99.1,27.97,2.1,1.42,0.11,NORMAL
2026-09-05 09:18:39.659585,SPLICE_005,101.43,26.12,2.5,1.49,0.13,NORMAL
2026-09-05 09:18:41.659585,SPLICE_004,122.05,81.9,12.7,1.33,0.74,CRITICAL
2026-09-05 09:18:43.659585,SPLICE_003,105.83,50.41,8.23,1.47,0.57,WARNING
2026-09-05 09:18:45.659585,SPLICE_002,103.2,55.62,9.79,1.44,0.24,WARNING
2026-09-05 09:18:47.659585,SPLICE_003,101.86,31.12,1.43,1.55,0.19,NORMAL
2026-09-05 09:18:49.659585,SPLICE_005,101.22,28.34,2.32,1.52,0.11,NORMAL
2026-09-05 09:18:51.659585,SPLICE_003,106.26,46.7,9.35,1.34,0.5,WARNING
2026-09-05 09:18:53.659585,SPLICE_001,99.21,31.55,3.42,1.57,0.2,NORMAL
2026-09-05 09:18:55.659585,SPLICE_002,96.7,24.99,3.12,1.52,0.19,NORMAL
2026-09-05 09:18:57.659585,SPLICE_003,105.03,65.68,8.95,1.44,0.4,WARNING
2026-09-05 09:18:59.659585,SPLICE_003,98.87,27.57,1.71,1.48,0.06,NORMAL
2026-09-05 09:19:01.659585,SPLICE_003,99.81,64.77,6.2,1.42,0.25,WARNING
2026-09-05 09:19:03.659585,SPLICE_001,99.65,54.92,6.25,1.38,0.56,WARNING
2026-09-05 09:19:05.659585,SPLICE_004,98.55,31.83,1.2,1.59,0.14,NORMAL
2026-09-05 09:19:07.659585,SPLICE_004,101.55,33.54,0.64,1.46,0.0,NORMAL
2026-09-05 09:19:09.659585,SPLICE_005,100.34,33.51,2.64,1.48,0.16,NORMAL
2026-09-05 09:19:11.659585,SPLICE_001,113.47,82.95,14.89,1.14,0.7,CRITICAL
2026-09-05 09:19:13.659585,SPLICE_004,101.25,39.03,0.8,1.48,0.16,NORMAL
2026-09-05 09:19:15.659585,SPLICE_002,103.47,53.6,5.21,1.4,0.25,WARNING
2026-09-05 09:19:17.659585,SPLICE_001,107.68,51.76,4.55,1.31,0.42,WARNING
2026-09-05 09:19:19.659585,SPLICE_001,119.41,90.17,16.83,1.33,0.98,CRITICAL
2026-09-05 09:19:21.659585,SPLICE_005,101.74,30.12,1.02,1.47,0.11,NORMAL
2026-09-05 09:19:23.659585,SPLICE_004,102.07,29.36,1.73,1.48,0.15,NORMAL
2026-09-05 09:19:25.659585,SPLICE_005,113.59,78.63,21.17,0.99,0.66,CRITICAL
2026-09-05 09:19:27.659585,SPLICE_002,114.19,96.13,14.74,1.33,0.71,CRITICAL
2026-09-05 09:19:29.659585,SPLICE_001,98.06,30.4,3.43,1.41,0.06,NORMAL
2026-09-05 09:19:31.659585,SPLICE_001,101.04,26.93,2.38,1.49,0.06,NORMAL
2026-09-05 09:19:33.659585,SPLICE_004,104.12,56.84,8.56,1.33,0.41,WARNING
2026-09-05 09:19:35.659585,SPLICE_004,114.38,92.43,14.41,1.36,0.99,CRITICAL
2026-09-05 09:19:37.659585,SPLICE_002,99.81,31.29,2.54,1.44,0.01,NORMAL
2026-09-05 09:19:39.659585,SPLICE_002,104.93,57.94,6.68,1.33,0.43,WARNING
2026-09-05 09:19:41.659585,SPLICE_002,98.63,29.53,2.41,1.58,0.09,NORMAL
2026-09-05 09:19:43.659585,SPLICE_005,100.05,20.18,3.2,1.46,0.11,NORMAL
2026-09-05 09:19:45.659585,SPLICE_003,100.24,35.22,2.58,1.48,0.11,NORMAL
2026-09-05 09:19:47.659585,SPLICE_004,101.04,23.8,3.0,1.48,0.09,NORMAL
2026-09-05 09:19:49.659585,SPLICE_005,112.6,87.69,15.84,1.19,0.92,CRITICAL
2026-09-05 09:19:51.659585,SPLICE_002,99.0,26.19,3.18,1.43,0.15,NORMAL
2026-09-05 09:19:53.659585,SPLICE_003,115.33,101.65,13.93,1.4,0.65,CRITICAL
2026-09-05 09:19:55.659585,SPLICE_004,107.78,55.68,7.73,1.54,0.46,WARNING
2026-09-05 09:19:57.659585,SPLICE_002,99.76,33.64,1.6,1.54,0.09,NORMAL
2026-09-05 09:19:59.659585,SPLICE_005,97.78,28.66,1.89,1.53,0.18,NORMAL
2026-09-05 09:20:01.659585,SPLICE_005,106.62,44.23,10.7,1.52,0.22,WARNING
2026-09-05 09:20:03.659585,SPLICE_005,101.74,22.8,4.0,1.56,0.11,NORMAL
2026-09-05 09:20:05.659585,SPLICE_002,98.16,25.9,0.81,1.52,0.04,NORMAL
2026-09-05 09:20:07.659585,SPLICE_003,100.74,32.86,0.99,1.59,0.05,NORMAL
2026-09-05 09:20:09.659585,SPLICE_002,119.1,80.32,11.81,1.35,0.77,CRITICAL
2026-09-05 09:20:11.659585,SPLICE_002,99.96,29.91,1.04,1.55,0.16,NORMAL
2026-09-05 09:20:13.659585,SPLICE_003,110.23,53.99,8.34,1.47,0.34,WARNING
2026-09-05 09:20:15.659585,SPLICE_003,104.49,24.55,1.82,1.52,0.2,NORMAL
2026-09-05 09:20:17.659585,SPLICE_005,99.14,40.04,0.53,1.54,0.05,NORMAL
2026-09-05 09:20:19.659585,SPLICE_004,102.44,26.46,1.15,1.51,0.17,NORMAL
2026-09-05 09:20:21.659585,SPLICE_005,100.94,30.52,1.01,1.53,0.09,NORMAL
2026-09-05 09:20:23.659585,SPLICE_004,105.4,55.5,6.11,1.24,0.39,WARNING
2026-09-05 09:20:25.659585,SPLICE_005,100.81,25.77,0.39,1.54,0.0,NORMAL
2026-09-05 09:20:27.659585,SPLICE_004,99.63,26.42,1.63,1.45,0.13,NORMAL
2026-09-05 09:20:29.659585,SPLICE_001,96.93,31.35,3.15,1.42,0.17,NORMAL
2026-09-05 09:20:31.659585,SPLICE_002,116.67,100.88,9.53,0.99,0.95,CRITICAL
2026-09-05 09:20:33.659585,SPLICE_003,102.5,35.68,2.1,1.48,0.1,NORMAL
2026-09-05 09:20:35.659585,SPLICE_001,99.38,27.25,2.12,1.55,0.08,NORMAL
2026-09-05 09:20:37.659585,SPLICE_003,100.38,28.1,2.86,1.58,0.1,NORMAL
2026-09-05 09:20:39.659585,SPLICE_005,103.96,22.97,0.31,1.54,0.09,NORMAL
2026-09-05 09:20:41.659585,SPLICE_004,99.1,32.03,3.02,1.44,0.06,NORMAL
2026-09-05 09:20:43.659585,SPLICE_005,104.86,57.41,3.35,1.5,0.29,WARNING
2026-09-05 09:20:45.659585,SPLICE_005,100.37,42.01,1.14,1.6,0.1,NORMAL
2026-09-05 09:20:47.659585,SPLICE_005,104.02,57.42,5.9,1.38,0.23,WARNING
2026-09-05 09:20:49.659585,SPLICE_003,99.86,22.97,1.92,1.57,0.07,NORMAL
2026-09-05 09:20:51.659585,SPLICE_001,115.5,76.75,17.94,0.98,0.99,CRITICAL
2026-09-05 09:20:53.659585,SPLICE_004,99.57,28.54,2.5,1.5,0.15,NORMAL
2026-09-05 09:20:55.659585,SPLICE_003,113.52,92.08,14.35,1.17,0.99,CRITICAL
2026-09-05 09:20:57.659585,SPLICE_001,102.25,33.38,2.19,1.58,0.16,NORMAL
2026-09-05 09:20:59.659585,SPLICE_003,96.68,34.29,3.35,1.62,0.16,NORMAL
2026-09-05 09:21:01.659585,SPLICE_004,105.84,57.25,6.31,1.42,0.51,WARNING
2026-09-05 09:21:03.659585,SPLICE_003,104.78,54.09,9.57,1.24,0.25,WARNING
2026-09-05 09:21:05.659585,SPLICE_005,106.56,58.11,4.95,1.24,0.5,WARNING
2026-09-05 09:21:07.659585,SPLICE_002,110.95,62.81,6.46,1.16,0.6,WARNING
2026-09-05 09:21:09.659585,SPLICE_002,99.2,23.08,2.99,1.46,0.15,NORMAL
2026-09-05 09:21:11.659585,SPLICE_002,112.67,82.69,14.87,1.17,0.76,CRITICAL
2026-09-05 09:21:13.659585,SPLICE_001,99.96,31.47,2.48,1.48,0.1,NORMAL
2026-09-05 09:21:15.659585,SPLICE_002,103.51,56.63,8.13,1.39,0.44,WARNING
2026-09-05 09:21:17.659585,SPLICE_001,102.41,22.55,1.75,1.52,0.1,NORMAL
2026-09-05 09:21:19.659585,SPLICE_004,101.55,37.43,0.89,1.57,0.06,NORMAL
2026-09-05 09:21:21.659585,SPLICE_003,97.91,33.39,0.72,1.48,0.0,NORMAL
2026-09-05 09:21:23.659585,SPLICE_005,105.8,58.59,4.36,1.44,0.52,WARNING
2026-09-05 09:21:25.659585,SPLICE_001,99.35,31.19,2.1,1.5,0.18,NORMAL
2026-09-05 09:21:27.659585,SPLICE_002,99.76,31.76,3.46,1.5,0.03,NORMAL
2026-09-05 09:21:29.659585,SPLICE_003,97.45,35.78,3.27,1.44,0.09,NORMAL
2026-09-05 09:21:31.659585,SPLICE_005,104.79,57.92,8.11,1.29,0.54,WARNING
2026-09-05 09:21:33.659585,SPLICE_003,98.37,24.17,0.54,1.51,0.16,NORMAL
2026-09-05 09:21:35.659585,SPLICE_005,98.95,32.02,3.52,1.49,0.07,NORMAL
2026-09-05 09:21:37.659585,SPLICE_001,104.55,56.15,4.85,1.43,0.53,WARNING
2026-09-05 09:21:39.659585,SPLICE_003,97.32,25.56,0.36,1.43,0.06,NORMAL
2026-09-05 09:21:41.659585,SPLICE_002,100.4,31.63,2.15,1.48,0.11,NORMAL
2026-09-05 09:21:43.659585,SPLICE_005,99.41,33.17,2.03,1.64,0.1,NORMAL
2026-09-05 09:21:45.659585,SPLICE_005,97.15,28.94,1.7,1.58,0.19,NORMAL
2026-09-05 09:21:47.659585,SPLICE_001,101.73,24.34,2.17,1.52,0.17,NORMAL
2026-09-05 09:21:49.659585,SPLICE_002,99.08,35.36,0.89,1.52,0.11,NORMAL
2026-09-05 09:21:51.659585,SPLICE_003,101.52,25.81,0.47,1.54,0.05,NORMAL
2026-09-05 09:21:53.659585,SPLICE_002,119.11,88.35,15.72,1.06,0.91,CRITICAL
2026-09-05 09:21:55.659585,SPLICE_005,100.34,29.76,0.85,1.49,0.09,NORMAL
2026-09-05 09:21:57.659585,SPLICE_005,108.8,59.03,11.61,1.3,0.31,WARNING
2026-09-05 09:21:59.659585,SPLICE_001,96.82,32.0,1.98,1.53,0.07,NORMAL
2026-09-05 09:22:01.659585,SPLICE_003,98.87,26.49,2.39,1.56,0.18,NORMAL
2026-09-05 09:22:03.659585,SPLICE_005,112.77,81.85,15.01,1.17,1.0,CRITICAL
2026-09-05 09:22:05.659585,SPLICE_002,109.55,96.08,16.18,1.26,0.61,CRITICAL
2026-09-05 09:22:07.659585,SPLICE_003,98.85,34.55,1.58,1.47,0.09,NORMAL
2026-09-05 09:22:09.659585,SPLICE_001,96.62,27.0,2.52,1.47,0.2,NORMAL
2026-09-05 09:22:11.659585,SPLICE_005,103.83,62.86,5.45,1.33,0.25,WARNING
2026-09-05 09:22:13.659585,SPLICE_001,125.83,95.55,19.1,1.38,0.72,CRITICAL
2026-09-05 09:22:15.659585,SPLICE_003,102.44,24.29,0.83,1.47,0.07,NORMAL
2026-09-05 09:22:17.659585,SPLICE_005,99.14,28.81,2.27,1.51,0.04,NORMAL
2026-09-05 09:22:19.659585,SPLICE_001,100.16,29.26,1.52,1.43,0.01,NORMAL
2026-09-05 09:22:21.659585,SPLICE_002,101.37,26.79,1.43,1.53,0.07,NORMAL
2026-09-05 09:22:23.659585,SPLICE_001,122.78,87.47,16.59,1.27,0.61,CRITICAL
2026-09-05 09:22:25.659585,SPLICE_002,117.65,74.27,15.46,1.2,0.87,CRITICAL
2026-09-05 09:22:27.659585,SPLICE_005,99.19,34.11,3.46,1.5,0.09,NORMAL
2026-09-05 09:22:29.659585,SPLICE_001,100.64,29.9,3.9,1.43,0.01,NORMAL
2026-09-05 09:22:31.659585,SPLICE_002,107.29,62.95,6.54,1.4,0.44,WARNING
2026-09-05 09:22:33.659585,SPLICE_004,102.4,58.58,8.09,1.29,0.22,WARNING
2026-09-05 09:22:35.659585,SPLICE_002,98.31,27.75,3.81,1.54,0.14,NORMAL
2026-09-05 09:22:37.659585,SPLICE_004,99.27,28.92,1.86,1.46,0.19,NORMAL
2026-09-05 09:22:39.659585,SPLICE_001,103.88,48.43,7.45,1.32,0.47,WARNING
2026-09-05 09:22:41.659585,SPLICE_002,101.87,31.85,0.88,1.5,0.06,NORMAL
2026-09-05 09:22:43.659585,SPLICE_003,102.2,37.9,3.96,1.52,0.13,NORMAL
2026-09-05 09:22:45.659585,SPLICE_001,100.44,34.84,1.28,1.54,0.14,NORMAL
2026-09-05 09:22:47.659585,SPLICE_003,99.54,34.07,2.72,1.54,0.01,NORMAL
2026-09-05 09:22:49.659585,SPLICE_005,102.91,56.82,3.56,1.5,0.21,WARNING
2026-09-05 09:22:51.659585,SPLICE_003,95.52,34.16,2.16,1.51,0.16,NORMAL
2026-09-05 09:22:53.659585,SPLICE_004,98.59,25.77,2.66,1.46,0.19,NORMAL
2026-09-05 09:22:55.659585,SPLICE_004,101.26,31.79,0.72,1.58,0.09,NORMAL
2026-09-05 09:22:57.659585,SPLICE_004,98.87,39.01,4.02,1.59,0.06,NORMAL
2026-09-05 09:22:59.659585,SPLICE_005,95.04,19.78,3.18,1.48,0.09,NORMAL
2026-09-05 09:23:01.659585,SPLICE_005,101.74,31.14,1.11,1.45,0.18,NORMAL
2026-09-05 09:23:03.659585,SPLICE_005,98.7,31.16,3.38,1.54,0.17,NORMAL
2026-09-05 09:23:05.659585,SPLICE_001,97.86,26.08,2.69,1.49,0.12,NORMAL
2026-09-05 09:23:07.659585,SPLICE_005,99.86,38.6,3.78,1.52,0.04,NORMAL
2026-09-05 09:23:09.659585,SPLICE_003,101.69,33.02,3.52,1.47,0.08,NORMAL
2026-09-05 09:23:11.659585,SPLICE_003,109.34,61.01,4.65,1.37,0.28,WARNING
2026-09-05 09:23:13.659585,SPLICE_004,101.05,31.22,0.81,1.48,0.06,NORMAL
2026-09-05 09:23:15.659585,SPLICE_001,96.4,28.07,2.77,1.46,0.0,NORMAL
2026-09-05 09:23:17.659585,SPLICE_005,102.87,30.96,2.66,1.43,0.13,NORMAL
2026-09-05 09:23:19.659585,SPLICE_004,103.91,70.94,9.0,1.35,0.5,WARNING
2026-09-05 09:23:21.659585,SPLICE_005,98.64,28.47,1.4,1.51,0.07,NORMAL
2026-09-05 09:23:23.659585,SPLICE_002,98.35,35.07,2.78,1.54,0.05,NORMAL
2026-09-05 09:23:25.659585,SPLICE_003,119.61,93.51,9.74,1.13,0.81,CRITICAL
2026-09-05 09:23:27.659585,SPLICE_001,100.43,33.27,2.52,1.45,0.09,NORMAL
2026-09-05 09:23:29.659585,SPLICE_005,103.09,33.02,3.36,1.5,0.14,NORMAL
2026-09-05 09:23:31.659585,SPLICE_001,97.89,31.74,1.96,1.44,0.05,NORMAL
2026-09-05 09:23:33.659585,SPLICE_005,101.65,34.73,2.5,1.47,0.09,NORMAL
2026-09-05 09:23:35.659585,SPLICE_005,110.37,80.35,16.92,1.05,0.82,CRITICAL
2026-09-05 09:23:37.659585,SPLICE_003,100.25,28.92,1.74,1.51,0.11,NORMAL
2026-09-05 09:23:39.659585,SPLICE_003,100.55,32.83,2.26,1.56,0.06,NORMAL
2026-09-05 09:23:41.659585,SPLICE_005,98.66,24.52,0.9,1.52,0.05,NORMAL
2026-09-05 09:23:43.659585,SPLICE_002,96.87,29.06,2.75,1.51,0.15,NORMAL
2026-09-05 09:23:45.659585,SPLICE_003,101.77,38.91,0.64,1.5,0.18,NORMAL
2026-09-05 09:23:47.659585,SPLICE_002,99.31,28.94,1.29,1.53,0.07,NORMAL
2026-09-05 09:23:49.659585,SPLICE_005,108.96,58.67,8.84,1.37,0.29,WARNING
2026-09-05 09:23:51.659585,SPLICE_005,98.22,27.78,0.77,1.59,0.12,NORMAL
2026-09-05 09:23:53.659585,SPLICE_005,100.55,37.83,2.6,1.51,0.06,NORMAL
2026-09-05 09:23:55.659585,SPLICE_001,102.72,25.6,0.83,1.52,0.08,NORMAL
2026-09-05 09:23:57.659585,SPLICE_002,98.63,47.15,6.77,1.56,0.47,WARNING
2026-09-05 09:23:59.659585,SPLICE_004,116.39,68.74,14.88,1.25,0.74,CRITICAL
2026-09-05 09:24:01.659585,SPLICE_003,98.28,27.27,2.56,1.49,0.16,NORMAL
2026-09-05 09:24:03.659585,SPLICE_002,104.07,28.89,3.77,1.4,0.01,NORMAL
2026-09-05 09:24:05.659585,SPLICE_005,99.44,30.62,2.44,1.52,0.05,NORMAL
2026-09-05 09:24:07.659585,SPLICE_002,99.57,19.88,0.41,1.54,0.12,NORMAL
2026-09-05 09:24:09.659585,SPLICE_004,99.44,29.36,2.47,1.36,0.03,NORMAL
2026-09-05 09:24:11.659585,SPLICE_003,97.72,30.82,2.65,1.51,0.04,NORMAL
2026-09-05 09:24:13.659585,SPLICE_002,98.29,28.63,0.95,1.48,0.07,NORMAL
2026-09-05 09:24:15.659585,SPLICE_003,100.92,49.39,8.25,1.42,0.36,WARNING
2026-09-05 09:24:17.659585,SPLICE_004,98.77,25.87,2.23,1.56,0.09,NORMAL
2026-09-05 09:24:19.659585,SPLICE_003,99.67,24.18,2.17,1.5,0.18,NORMAL
2026-09-05 09:24:21.659585,SPLICE_002,106.1,48.16,6.09,1.26,0.55,WARNING
2026-09-05 09:24:23.659585,SPLICE_004,95.88,31.71,2.6,1.47,0.12,NORMAL
2026-09-05 09:24:25.659585,SPLICE_003,97.01,29.16,2.28,1.49,0.1,NORMAL
2026-09-05 09:24:27.659585,SPLICE_003,107.6,35.26,5.68,1.52,0.27,WARNING
2026-09-05 09:24:29.659585,SPLICE_004,103.54,34.55,2.64,1.52,0.07,NORMAL
2026-09-05 09:24:31.659585,SPLICE_003,104.0,24.73,2.56,1.6,0.04,NORMAL
2026-09-05 09:24:33.659585,SPLICE_001,101.47,33.09,1.37,1.65,0.02,NORMAL
2026-09-05 09:24:35.659585,SPLICE_005,99.51,26.84,2.24,1.49,0.16,NORMAL
2026-09-05 09:24:37.659585,SPLICE_003,106.7,71.93,5.33,1.37,0.4,WARNING
2026-09-05 09:24:39.659585,SPLICE_002,110.36,70.05,8.09,1.46,0.56,WARNING
2026-09-05 09:24:41.659585,SPLICE_002,100.98,30.28,2.0,1.56,0.08,NORMAL
2026-09-05 09:24:43.659585,SPLICE_001,104.28,56.17,9.19,1.4,0.29,WARNING
2026-09-05 09:24:45.659585,SPLICE_001,108.01,54.1,3.17,1.3,0.38,WARNING
2026-09-05 09:24:47.659585,SPLICE_001,112.82,57.68,6.56,1.54,0.53,WARNING
2026-09-05 09:24:49.659585,SPLICE_005,95.88,32.15,3.27,1.55,0.11,NORMAL
2026-09-05 09:24:51.659585,SPLICE_005,98.0,25.07,1.18,1.54,0.06,NORMAL
2026-09-05 09:24:53.659585,SPLICE_001,97.02,30.73,3.16,1.49,0.12,NORMAL
2026-09-05 09:24:55.659585,SPLICE_005,104.07,41.54,6.39,1.48,0.6,WARNING
2026-09-05 09:24:57.659585,SPLICE_005,99.04,32.58,3.62,1.47,0.12,NORMAL
2026-09-05 09:24:59.659585,SPLICE_002,100.04,21.97,1.68,1.51,0.01,NORMAL
2026-09-05 09:25:01.659585,SPLICE_002,107.58,48.85,7.1,1.26,0.24,WARNING
2026-09-05 09:25:03.659585,SPLICE_005,105.32,59.93,6.97,1.38,0.21,WARNING
2026-09-05 09:25:05.659585,SPLICE_003,100.08,34.47,2.59,1.49,0.14,NORMAL
2026-09-05 09:25:07.659585,SPLICE_005,99.32,34.66,2.26,1.44,0.13,NORMAL
2026-09-05 09:25:09.659585,SPLICE_004,98.48,32.85,2.12,1.52,0.17,NORMAL
2026-09-05 09:25:11.659585,SPLICE_001,95.32,35.46,2.06,1.52,0.17,NORMAL
2026-09-05 09:25:13.659585,SPLICE_005,100.24,31.57,1.91,1.5,0.01,NORMAL
2026-09-05 09:25:15.659585,SPLICE_005,98.91,27.4,1.15,1.45,0.07,NORMAL
2026-09-05 09:25:17.659585,SPLICE_002,98.24,29.13,2.1,1.49,0.11,NORMAL
2026-09-05 09:25:19.659585,SPLICE_005,104.1,25.74,1.73,1.56,0.13,NORMAL
2026-09-05 09:25:21.659585,SPLICE_002,111.66,47.28,7.48,1.27,0.59,WARNING
2026-09-05 09:25:23.659585,SPLICE_004,118.94,85.34,12.86,1.21,0.83,CRITICAL
2026-09-05 09:25:25.659585,SPLICE_001,98.87,34.05,1.35,1.55,0.04,NORMAL
2026-09-05 09:25:27.659585,SPLICE_004,99.87,31.08,3.62,1.57,0.11,NORMAL
2026-09-05 09:25:29.659585,SPLICE_003,100.5,33.0,3.04,1.49,0.04,NORMAL
2026-09-05 09:25:31.659585,SPLICE_001,101.25,30.31,3.15,1.52,0.13,NORMAL
2026-09-05 09:25:33.659585,SPLICE_005,111.13,79.67,22.58,1.18,0.69,CRITICAL
2026-09-05 09:25:35.659585,SPLICE_003,97.48,27.98,0.95,1.48,0.02,NORMAL
2026-09-05 09:25:37.659585,SPLICE_004,104.65,38.99,5.7,1.3,0.28,WARNING
2026-09-05 09:25:39.659585,SPLICE_001,118.7,94.55,9.76,1.44,0.96,CRITICAL
2026-09-05 09:25:41.659585,SPLICE_003,100.28,22.38,1.87,1.46,0.12,NORMAL
2026-09-05 09:25:43.659585,SPLICE_005,95.89,31.34,2.57,1.5,0.04,NORMAL
2026-09-05 09:25:45.659585,SPLICE_003,104.92,55.98,7.17,1.33,0.24,WARNING
2026-09-05 09:25:47.659585,SPLICE_003,103.52,32.8,2.61,1.45,0.04,NORMAL
2026-09-05 09:25:49.659585,SPLICE_005,97.26,38.82,1.23,1.49,0.02,NORMAL
2026-09-05 09:25:51.659585,SPLICE_004,100.17,30.22,3.51,1.54,0.15,NORMAL
2026-09-05 09:25:53.659585,SPLICE_001,99.66,29.27,4.35,1.55,0.11,NORMAL
2026-09-05 09:25:55.659585,SPLICE_004,113.53,78.48,14.48,1.12,0.68,CRITICAL
2026-09-05 09:25:57.659585,SPLICE_002,103.62,32.9,0.49,1.56,0.08,NORMAL
2026-09-05 09:25:59.659585,SPLICE_003,104.66,59.34,8.78,1.48,0.37,WARNING
2026-09-05 09:26:01.659585,SPLICE_003,99.46,20.65,1.94,1.5,0.1,NORMAL
2026-09-05 09:26:03.659585,SPLICE_004,104.68,59.64,5.74,1.38,0.43,WARNING
2026-09-05 09:26:05.659585,SPLICE_001,102.31,30.97,2.0,1.51,0.07,NORMAL
2026-09-05 09:26:07.659585,SPLICE_002,105.83,32.39,2.02,1.57,0.18,NORMAL
2026-09-05 09:26:09.659585,SPLICE_002,102.11,31.99,2.01,1.5,0.14,NORMAL
2026-09-05 09:26:11.659585,SPLICE_003,99.14,27.71,0.07,1.48,0.13,NORMAL
2026-09-05 09:26:13.659585,SPLICE_002,99.16,35.14,2.32,1.5,0.16,NORMAL
2026-09-05 09:26:15.659585,SPLICE_005,105.57,62.39,6.04,1.26,0.49,WARNING
2026-09-05 09:26:17.659585,SPLICE_001,99.36,27.29,1.91,1.47,0.17,NORMAL
2026-09-05 09:26:19.659585,SPLICE_004,109.16,62.55,4.65,1.53,0.27,WARNING
2026-09-05 09:26:21.659585,SPLICE_001,98.94,43.16,1.57,1.58,0.07,NORMAL
2026-09-05 09:26:23.659585,SPLICE_004,98.1,26.59,1.55,1.49,0.07,NORMAL
2026-09-05 09:26:25.659585,SPLICE_005,98.36,35.79,3.22,1.55,0.12,NORMAL
2026-09-05 09:26:27.659585,SPLICE_004,99.65,30.97,1.03,1.47,0.12,NORMAL
2026-09-05 09:26:29.659585,SPLICE_001,98.01,35.76,3.9,1.52,0.08,NORMAL
2026-09-05 09:26:31.659585,SPLICE_005,100.82,32.68,2.17,1.47,0.05,NORMAL
2026-09-05 09:26:33.659585,SPLICE_005,101.14,30.36,1.76,1.55,0.06,NORMAL
2026-09-05 09:26:35.659585,SPLICE_005,100.38,22.15,2.13,1.45,0.0,NORMAL
2026-09-05 09:26:37.659585,SPLICE_002,97.82,26.58,1.29,1.49,0.1,NORMAL
2026-09-05 09:26:39.659585,SPLICE_002,100.37,22.65,2.38,1.56,0.13,NORMAL
2026-09-05 09:26:41.659585,SPLICE_004,101.56,30.37,2.02,1.54,0.06,NORMAL
2026-09-05 09:26:43.659585,SPLICE_005,97.31,29.13,2.0,1.61,0.02,NORMAL
2026-09-05 09:26:45.659585,SPLICE_003,114.52,70.88,15.66,1.34,0.87,CRITICAL
2026-09-05 09:26:47.659585,SPLICE_002,101.66,20.66,3.99,1.47,0.01,NORMAL
2026-09-05 09:26:49.659585,SPLICE_004,100.32,54.5,7.46,1.39,0.27,WARNING
2026-09-05 09:26:51.659585,SPLICE_002,100.21,20.15,1.76,1.55,0.15,NORMAL
2026-09-05 09:26:53.659585,SPLICE_004,99.13,34.08,0.38,1.44,0.17,NORMAL
2026-09-05 09:26:55.659585,SPLICE_005,105.75,53.42,8.34,1.58,0.37,WARNING
2026-09-05 09:26:57.659585,SPLICE_002,97.21,30.92,2.07,1.36,0.18,NORMAL
2026-09-05 09:26:59.659585,SPLICE_005,101.21,28.03,0.96,1.46,0.08,NORMAL
2026-09-05 09:27:01.659585,SPLICE_003,108.51,70.38,19.04,0.97,0.67,CRITICAL
2026-09-05 09:27:03.659585,SPLICE_005,100.71,31.97,3.17,1.5,0.05,NORMAL
2026-09-05 09:27:05.659585,SPLICE_002,100.08,29.24,4.3,1.43,0.18,NORMAL
2026-09-05 09:27:07.659585,SPLICE_002,100.17,31.45,1.8,1.51,0.03,NORMAL
2026-09-05 09:27:09.659585,SPLICE_002,99.04,38.15,0.15,1.47,0.12,NORMAL
2026-09-05 09:27:11.659585,SPLICE_005,100.93,24.23,0.86,1.46,0.18,NORMAL
2026-09-05 09:27:13.659585,SPLICE_002,97.82,44.01,1.51,1.39,0.05,NORMAL
2026-09-05 09:27:15.659585,SPLICE_002,102.55,23.38,1.89,1.51,0.17,NORMAL
2026-09-05 09:27:17.659585,SPLICE_005,99.44,28.15,1.92,1.54,0.02,NORMAL
2026-09-05 09:27:19.659585,SPLICE_005,101.12,27.66,2.76,1.52,0.16,NORMAL
2026-09-05 09:27:21.659585,SPLICE_001,102.38,26.67,1.14,1.44,0.02,NORMAL
2026-09-05 09:27:23.659585,SPLICE_002,114.19,88.39,5.35,1.27,0.98,CRITICAL
2026-09-05 09:27:25.659585,SPLICE_005,109.4,49.62,6.59,1.51,0.35,WARNING
2026-09-05 09:27:27.659585,SPLICE_004,100.67,31.0,1.21,1.54,0.18,NORMAL
2026-09-05 09:27:29.659585,SPLICE_003,109.84,39.88,6.16,1.44,0.51,WARNING
2026-09-05 09:27:31.659585,SPLICE_005,101.78,31.09,1.71,1.44,0.17,NORMAL
2026-09-05 09:27:33.659585,SPLICE_004,109.9,49.29,8.86,1.58,0.41,WARNING
2026-09-05 09:27:35.659585,SPLICE_004,99.08,32.98,0.82,1.49,0.12,NORMAL
2026-09-05 09:27:37.659585,SPLICE_005,98.41,24.05,1.54,1.5,0.02,NORMAL
2026-09-05 09:27:39.659585,SPLICE_002,98.63,38.97,2.41,1.54,0.0,NORMAL
2026-09-05 09:27:41.659585,SPLICE_002,111.06,87.26,22.85,1.25,0.69,CRITICAL
2026-09-05 09:27:43.659585,SPLICE_001,102.24,29.02,1.48,1.46,0.09,NORMAL
2026-09-05 09:27:45.659585,SPLICE_005,98.3,37.27,3.43,1.46,0.05,NORMAL
2026-09-05 09:27:47.659585,SPLICE_002,98.01,32.31,2.09,1.54,0.16,NORMAL
2026-09-05 09:27:49.659585,SPLICE_001,101.9,21.42,2.68,1.5,0.15,NORMAL
2026-09-05 09:27:51.659585,SPLICE_001,96.77,42.14,1.87,1.51,0.05,NORMAL
2026-09-05 09:27:53.659585,SPLICE_004,97.05,27.45,3.1,1.51,0.17,NORMAL
2026-09-05 09:27:55.659585,SPLICE_003,100.77,21.23,0.34,1.43,0.06,NORMAL
2026-09-05 09:27:57.659585,SPLICE_001,96.72,28.7,3.21,1.47,0.17,NORMAL
2026-09-05 09:27:59.659585,SPLICE_005,99.4,20.5,1.76,1.52,0.14,NORMAL
2026-09-05 09:28:01.659585,SPLICE_005,102.76,40.74,2.52,1.4,0.16,NORMAL
2026-09-05 09:28:03.659585,SPLICE_003,101.26,27.05,0.76,1.48,0.15,NORMAL
2026-09-05 09:28:05.659585,SPLICE_004,106.1,47.85,6.63,1.34,0.44,WARNING
2026-09-05 09:28:07.659585,SPLICE_004,95.77,36.23,0.54,1.48,0.09,NORMAL
2026-09-05 09:28:09.659585,SPLICE_005,100.09,33.74,3.49,1.51,0.06,NORMAL
2026-09-05 09:28:11.659585,SPLICE_003,101.01,29.9,1.09,1.52,0.03,NORMAL
2026-09-05 09:28:13.659585,SPLICE_004,101.28,26.46,1.56,1.43,0.18,NORMAL
2026-09-05 09:28:15.659585,SPLICE_003,99.77,35.16,3.31,1.39,0.05,NORMAL
2026-09-05 09:28:17.659585,SPLICE_004,104.45,50.69,5.03,1.08,0.21,WARNING
2026-09-05 09:28:19.659585,SPLICE_001,104.94,46.8,4.85,1.47,0.37,WARNING
2026-09-05 09:28:21.659585,SPLICE_004,108.92,56.15,5.35,1.36,0.4,WARNING
2026-09-05 09:28:23.659585,SPLICE_002,99.04,31.51,1.69,1.5,0.01,NORMAL
2026-09-05 09:28:25.659585,SPLICE_005,96.21,29.2,2.33,1.55,0.09,NORMAL
2026-09-05 09:28:27.659585,SPLICE_003,105.77,34.2,9.51,1.53,0.54,WARNING
2026-09-05 09:28:29.659585,SPLICE_005,99.36,38.0,3.56,1.55,0.1,NORMAL
2026-09-05 09:28:31.659585,SPLICE_001,104.36,28.17,4.01,1.54,0.12,NORMAL
2026-09-05 09:28:33.659585,SPLICE_001,108.64,65.79,10.99,1.42,0.38,WARNING
2026-09-05 09:28:35.659585,SPLICE_002,104.12,36.82,1.93,1.51,0.08,NORMAL
2026-09-05 09:28:37.659585,SPLICE_005,98.52,34.04,3.58,1.55,0.09,NORMAL
2026-09-05 09:28:39.659585,SPLICE_001,99.69,35.17,2.57,1.48,0.17,NORMAL
2026-09-05 09:28:41.659585,SPLICE_003,99.48,27.51,2.05,1.52,0.07,NORMAL
2026-09-05 09:28:43.659585,SPLICE_001,105.64,62.86,7.78,1.38,0.54,WARNING
2026-09-05 09:28:45.659585,SPLICE_004,100.09,36.11,1.43,1.53,0.11,NORMAL
2026-09-05 09:28:47.659585,SPLICE_005,99.91,37.27,2.43,1.45,0.02,NORMAL
2026-09-05 09:28:49.659585,SPLICE_005,99.8,31.07,1.54,1.48,0.19,NORMAL
2026-09-05 09:28:51.659585,SPLICE_002,102.0,34.38,1.45,1.5,0.02,NORMAL
2026-09-05 09:28:53.659585,SPLICE_004,96.85,31.86,0.88,1.49,0.16,NORMAL
2026-09-05 09:28:55.659585,SPLICE_005,99.63,28.86,2.28,1.43,0.16,NORMAL
2026-09-05 09:28:57.659585,SPLICE_001,104.32,52.99,10.29,1.38,0.29,WARNING
2026-09-05 09:28:59.659585,SPLICE_005,98.96,32.55,1.37,1.44,0.06,NORMAL
2026-09-05 09:29:01.659585,SPLICE_002,98.34,32.96,1.62,1.49,0.13,NORMAL
2026-09-05 09:29:03.659585,SPLICE_001,98.58,31.34,3.16,1.55,0.04,NORMAL
2026-09-05 09:29:05.659585,SPLICE_001,113.98,81.14,11.75,1.08,0.68,CRITICAL
2026-09-05 09:29:07.659585,SPLICE_001,105.92,92.9,13.18,1.27,0.79,CRITICAL
2026-09-05 09:29:09.659585,SPLICE_004,99.98,28.36,1.95,1.57,0.02,NORMAL
2026-09-05 09:29:11.659585,SPLICE_004,102.91,32.6,2.29,1.43,0.16,NORMAL
2026-09-05 09:29:13.659585,SPLICE_002,101.38,33.05,3.42,1.4,0.16,NORMAL
2026-09-05 09:29:15.659585,SPLICE_001,110.14,76.05,17.9,1.06,0.63,CRITICAL
2026-09-05 09:29:17.659585,SPLICE_005,101.73,35.41,1.16,1.46,0.13,NORMAL
2026-09-05 09:29:19.659585,SPLICE_005,117.41,88.35,18.35,1.23,0.92,CRITICAL
2026-09-05 09:29:21.659585,SPLICE_003,99.94,32.62,1.66,1.51,0.08,NORMAL
2026-09-05 09:29:23.659585,SPLICE_003,98.13,24.88,2.22,1.49,0.0,NORMAL
2026-09-05 09:29:25.659585,SPLICE_002,98.15,27.33,0.49,1.53,0.05,NORMAL
2026-09-05 09:29:27.659585,SPLICE_004,104.34,29.17,1.93,1.5,0.05,NORMAL
2026-09-05 09:29:29.659585,SPLICE_003,99.85,31.72,0.56,1.53,0.1,NORMAL
2026-09-05 09:29:31.659585,SPLICE_005,95.24,26.33,2.41,1.46,0.2,NORMAL
2026-09-05 09:29:33.659585,SPLICE_001,103.25,23.19,3.69,1.49,0.03,NORMAL
2026-09-05 09:29:35.659585,SPLICE_003,105.98,85.99,13.97,1.02,0.65,CRITICAL
2026-09-05 09:29:37.659585,SPLICE_005,112.96,103.51,10.34,1.22,0.66,CRITICAL
2026-09-05 09:29:39.659585,SPLICE_005,106.74,55.34,6.44,1.35,0.55,WARNING
2026-09-05 09:29:41.659585,SPLICE_005,95.02,33.3,0.88,1.45,0.06,NORMAL
2026-09-05 09:29:43.659585,SPLICE_004,116.71,90.89,19.26,1.29,0.7,CRITICAL
2026-09-05 09:29:45.659585,SPLICE_005,98.49,41.17,1.31,1.55,0.13,NORMAL
2026-09-05 09:29:47.659585,SPLICE_002,105.28,62.54,7.06,1.32,0.34,WARNING
2026-09-05 09:29:49.659585,SPLICE_004,100.7,30.67,0.97,1.44,0.13,NORMAL
2026-09-05 09:29:51.659585,SPLICE_005,105.17,51.44,7.48,1.46,0.21,WARNING
2026-09-05 09:29:53.659585,SPLICE_004,101.27,24.87,2.61,1.52,0.06,NORMAL
2026-09-05 09:29:55.659585,SPLICE_001,100.18,33.73,2.8,1.58,0.02,NORMAL
2026-09-05 09:29:57.659585,SPLICE_002,101.5,27.06,3.09,1.52,0.1,NORMAL
2026-09-05 09:29:59.659585,SPLICE_002,108.07,53.39,8.13,1.36,0.26,WARNING
2026-09-05 09:30:01.659585,SPLICE_004,119.72,86.95,21.66,1.17,0.92,CRITICAL
2026-09-05 09:30:03.659585,SPLICE_005,100.57,30.8,0.73,1.49,0.01,NORMAL
2026-09-05 09:30:05.659585,SPLICE_003,98.81,27.89,0.69,1.51,0.01,NORMAL
2026-09-05 09:30:07.659585,SPLICE_001,96.5,35.64,2.05,1.51,0.04,NORMAL
2026-09-05 09:30:09.659585,SPLICE_003,102.22,33.78,3.08,1.49,0.03,NORMAL
2026-09-05 09:30:11.659585,SPLICE_002,99.02,28.67,1.33,1.46,0.18,NORMAL
2026-09-05 09:30:13.659585,SPLICE_003,99.73,26.12,2.94,1.5,0.2,NORMAL
2026-09-05 09:30:15.659585,SPLICE_005,99.09,31.13,3.7,1.44,0.07,NORMAL
2026-09-05 09:30:17.659585,SPLICE_002,101.11,21.88,2.76,1.55,0.19,NORMAL
2026-09-05 09:30:19.659585,SPLICE_002,97.11,30.5,3.55,1.51,0.18,NORMAL
2026-09-05 09:30:21.659585,SPLICE_002,104.19,59.59,3.66,1.5,0.2,WARNING
2026-09-05 09:30:23.659585,SPLICE_002,99.54,29.1,1.52,1.53,0.06,NORMAL
2026-09-05 09:30:25.659585,SPLICE_002,105.66,58.46,7.33,1.33,0.28,WARNING
2026-09-05 09:30:27.659585,SPLICE_003,101.88,28.19,2.81,1.49,0.1,NORMAL
2026-09-05 09:30:29.659585,SPLICE_001,102.91,27.06,1.81,1.61,0.16,NORMAL
2026-09-05 09:30:31.659585,SPLICE_001,99.6,33.72,2.02,1.63,0.2,NORMAL
2026-09-05 09:30:33.659585,SPLICE_004,101.65,26.28,1.16,1.47,0.19,NORMAL
2026-09-05 09:30:35.659585,SPLICE_005,116.54,81.61,11.51,1.0,0.69,CRITICAL
2026-09-05 09:30:37.659585,SPLICE_004,96.42,35.04,3.27,1.48,0.18,NORMAL
2026-09-05 09:30:39.659585,SPLICE_003,100.89,22.37,1.24,1.55,0.08,NORMAL
2026-09-05 09:30:41.659585,SPLICE_005,102.65,55.59,5.69,1.42,0.28,WARNING
2026-09-05 09:30:43.659585,SPLICE_004,98.82,28.86,3.56,1.45,0.12,NORMAL
2026-09-05 09:30:45.659585,SPLICE_005,101.08,27.85,3.32,1.5,0.08,NORMAL
2026-09-05 09:30:47.659585,SPLICE_002,106.05,59.23,10.25,1.38,0.55,WARNING
2026-09-05 09:30:49.659585,SPLICE_002,99.88,30.82,1.4,1.53,0.11,NORMAL
2026-09-05 09:30:51.659585,SPLICE_004,98.99,24.71,3.22,1.59,0.02,NORMAL
2026-09-05 09:30:53.659585,SPLICE_005,101.36,20.63,2.52,1.47,0.19,NORMAL
2026-09-05 09:30:55.659585,SPLICE_003,98.8,27.26,3.63,1.49,0.06,NORMAL
2026-09-05 09:30:57.659585,SPLICE_002,100.07,28.09,1.88,1.52,0.08,NORMAL
2026-09-05 09:30:59.659585,SPLICE_001,100.98,38.52,2.31,1.53,0.15,NORMAL
2026-09-05 09:31:01.659585,SPLICE_004,97.96,24.57,1.3,1.55,0.11,NORMAL
2026-09-05 09:31:03.659585,SPLICE_001,101.45,27.14,0.77,1.52,0.11,NORMAL
2026-09-05 09:31:05.659585,SPLICE_002,98.08,24.09,1.46,1.49,0.2,NORMAL
2026-09-05 09:31:07.659585,SPLICE_001,100.12,29.14,3.46,1.44,0.07,NORMAL
2026-09-05 09:31:09.659585,SPLICE_005,109.56,62.19,5.61,1.43,0.46,WARNING
2026-09-05 09:31:11.659585,SPLICE_002,96.95,20.24,3.85,1.49,0.06,NORMAL
2026-09-05 09:31:13.659585,SPLICE_002,99.19,29.15,2.66,1.59,0.07,NORMAL
2026-09-05 09:31:15.659585,SPLICE_005,100.67,39.2,3.14,1.35,0.13,NORMAL
2026-09-05 09:31:17.659585,SPLICE_002,97.46,34.82,1.89,1.49,0.13,NORMAL
2026-09-05 09:31:19.659585,SPLICE_002,99.51,35.0,2.52,1.47,0.17,NORMAL
2026-09-05 09:31:21.659585,SPLICE_003,100.52,34.67,1.64,1.51,0.1,NORMAL
2026-09-05 09:31:23.659585,SPLICE_004,96.12,28.6,1.88,1.51,0.07,NORMAL
2026-09-05 09:31:25.659585,SPLICE_002,102.01,32.74,2.83,1.41,0.02,NORMAL
2026-09-05 09:31:27.659585,SPLICE_005,99.18,28.78,2.76,1.48,0.07,NORMAL
2026-09-05 09:31:29.659585,SPLICE_001,100.26,69.22,7.97,1.4,0.32,WARNING
2026-09-05 09:31:31.659585,SPLICE_002,97.67,39.28,1.98,1.46,0.16,NORMAL
2026-09-05 09:31:33.659585,SPLICE_004,100.9,27.05,2.49,1.58,0.09,NORMAL
2026-09-05 09:31:35.659585,SPLICE_002,100.55,32.01,2.5,1.52,0.13,NORMAL
2026-09-05 09:31:37.659585,SPLICE_001,102.21,29.36,2.64,1.48,0.08,NORMAL
2026-09-05 09:31:39.659585,SPLICE_004,99.05,26.74,3.9,1.49,0.2,NORMAL
2026-09-05 09:31:41.659585,SPLICE_005,101.72,16.16,4.71,1.58,0.1,NORMAL
2026-09-05 09:31:43.659585,SPLICE_003,103.17,60.25,7.15,1.22,0.27,WARNING
2026-09-05 09:31:45.659585,SPLICE_003,100.33,30.64,1.78,1.56,0.15,NORMAL
2026-09-05 09:31:47.659585,SPLICE_005,99.1,37.67,1.93,1.56,0.17,NORMAL
2026-09-05 09:31:49.659585,SPLICE_001,100.43,29.52,3.24,1.49,0.09,NORMAL
2026-09-05 09:31:51.659585,SPLICE_001,101.07,33.84,2.0,1.4,0.08,NORMAL
2026-09-05 09:31:53.659585,SPLICE_003,99.08,24.68,1.45,1.47,0.04,NORMAL
2026-09-05 09:31:55.659585,SPLICE_001,102.87,29.74,2.93,1.51,0.13,NORMAL
2026-09-05 09:31:57.659585,SPLICE_003,102.19,36.18,3.87,1.48,0.01,NORMAL
2026-09-05 09:31:59.659585,SPLICE_003,100.75,32.44,2.8,1.46,0.0,NORMAL
2026-09-05 09:32:01.659585,SPLICE_003,101.42,33.88,3.89,1.5,0.03,NORMAL
2026-09-05 09:32:03.659585,SPLICE_004,98.68,31.19,1.9,1.43,0.13,NORMAL
2026-09-05 09:32:05.659585,SPLICE_005,99.38,28.27,1.36,1.46,0.05,NORMAL
2026-09-05 09:32:07.659585,SPLICE_005,103.29,24.4,3.47,1.48,0.14,NORMAL
2026-09-05 09:32:09.659585,SPLICE_005,102.35,39.17,0.23,1.44,0.06,NORMAL
2026-09-05 09:32:11.659585,SPLICE_003,98.42,24.71,2.09,1.53,0.2,NORMAL
2026-09-05 09:32:13.659585,SPLICE_005,98.55,19.12,1.01,1.47,0.03,NORMAL
2026-09-05 09:32:15.659585,SPLICE_004,102.14,52.49,5.18,1.37,0.38,WARNING
2026-09-05 09:32:17.659585,SPLICE_004,98.3,23.46,1.85,1.46,0.2,NORMAL
2026-09-05 09:32:19.659585,SPLICE_004,101.59,28.2,2.62,1.56,0.17,NORMAL
2026-09-05 09:32:21.659585,SPLICE_002,105.79,48.62,7.76,1.47,0.5,WARNING
2026-09-05 09:32:23.659585,SPLICE_003,101.61,30.22,2.34,1.52,0.13,NORMAL
2026-09-05 09:32:25.659585,SPLICE_005,100.27,33.38,1.2,1.48,0.17,NORMAL
2026-09-05 09:32:27.659585,SPLICE_001,100.78,32.09,0.69,1.57,0.06,NORMAL
2026-09-05 09:32:29.659585,SPLICE_003,100.46,26.38,5.38,1.53,0.19,NORMAL
2026-09-05 09:32:31.659585,SPLICE_003,98.62,29.45,2.15,1.57,0.01,NORMAL
2026-09-05 09:32:33.659585,SPLICE_003,100.22,27.72,1.73,1.57,0.11,NORMAL
2026-09-05 09:32:35.659585,SPLICE_004,100.93,36.28,2.55,1.43,0.13,NORMAL
2026-09-05 09:32:37.659585,SPLICE_004,108.2,66.38,7.11,1.46,0.47,WARNING
2026-09-05 09:32:39.659585,SPLICE_003,105.27,48.51,8.52,1.5,0.22,WARNING
2026-09-05 09:32:41.659585,SPLICE_005,110.69,85.97,14.09,1.3,0.89,CRITICAL
2026-09-05 09:32:43.659585,SPLICE_004,103.94,26.33,0.72,1.44,0.08,NORMAL
2026-09-05 09:32:45.659585,SPLICE_001,100.48,28.73,0.89,1.42,0.18,NORMAL
2026-09-05 09:32:47.659585,SPLICE_002,106.21,28.82,1.9,1.44,0.19,NORMAL
2026-09-05 09:32:49.659585,SPLICE_001,97.14,22.9,1.8,1.49,0.15,NORMAL
2026-09-05 09:32:51.659585,SPLICE_004,98.53,33.91,0.72,1.45,0.18,NORMAL
2026-09-05 09:32:53.659585,SPLICE_001,108.1,89.12,17.1,0.84,0.97,CRITICAL
2026-09-05 09:32:55.659585,SPLICE_004,99.44,30.18,1.27,1.49,0.08,NORMAL
2026-09-05 09:32:57.659585,SPLICE_001,104.08,46.36,7.76,1.46,0.29,WARNING
2026-09-05 09:32:59.659585,SPLICE_005,106.55,52.07,9.75,1.34,0.38,WARNING
2026-09-05 09:33:01.659585,SPLICE_001,98.72,19.87,2.4,1.51,0.01,NORMAL
2026-09-05 09:33:03.659585,SPLICE_005,98.97,30.13,3.01,1.5,0.07,NORMAL
2026-09-05 09:33:05.659585,SPLICE_004,100.37,33.05,1.77,1.48,0.08,NORMAL
2026-09-05 09:33:07.659585,SPLICE_002,105.94,44.69,8.19,1.4,0.37,WARNING
2026-09-05 09:33:09.659585,SPLICE_004,99.46,31.74,0.18,1.5,0.08,NORMAL
2026-09-05 09:33:11.659585,SPLICE_002,102.15,27.7,3.33,1.37,0.2,NORMAL
2026-09-05 09:33:13.659585,SPLICE_002,99.96,26.43,1.46,1.52,0.12,NORMAL
2026-09-05 09:33:15.659585,SPLICE_003,107.58,52.01,4.61,1.28,0.44,WARNING
2026-09-05 09:33:17.659585,SPLICE_003,104.26,48.16,3.37,1.3,0.41,WARNING
2026-09-05 09:33:19.659585,SPLICE_004,121.65,104.86,9.75,1.36,0.65,CRITICAL
2026-09-05 09:33:21.659585,SPLICE_005,117.94,89.38,12.69,0.97,0.8,CRITICAL
2026-09-05 09:33:23.659585,SPLICE_005,104.15,32.17,1.95,1.46,0.17,NORMAL
2026-09-05 09:33:25.659585,SPLICE_005,97.67,29.19,1.54,1.57,0.04,NORMAL
2026-09-05 09:33:27.659585,SPLICE_005,100.1,33.48,1.58,1.55,0.07,NORMAL
2026-09-05 09:33:29.659585,SPLICE_005,100.03,31.68,1.63,1.48,0.1,NORMAL
2026-09-05 09:33:31.659585,SPLICE_005,99.9,27.09,3.41,1.48,0.07,NORMAL
2026-09-05 09:33:33.659585,SPLICE_003,98.37,30.9,2.23,1.56,0.1,NORMAL
2026-09-05 09:33:35.659585,SPLICE_002,104.94,53.3,8.8,1.32,0.54,WARNING
2026-09-05 09:33:37.659585,SPLICE_004,101.18,36.3,3.86,1.51,0.08,NORMAL
2026-09-05 09:33:39.659585,SPLICE_004,100.94,34.55,2.34,1.59,0.18,NORMAL
2026-09-05 09:33:41.659585,SPLICE_003,98.66,23.03,1.96,1.58,0.18,NORMAL
2026-09-05 09:33:43.659585,SPLICE_005,102.3,43.39,6.82,1.5,0.41,WARNING
2026-09-05 09:33:45.659585,SPLICE_002,97.55,25.42,1.18,1.52,0.18,NORMAL
2026-09-05 09:33:47.659585,SPLICE_004,98.73,32.86,2.85,1.58,0.04,NORMAL
2026-09-05 09:33:49.659585,SPLICE_004,111.85,69.3,18.89,1.41,0.81,CRITICAL
2026-09-05 09:33:51.659585,SPLICE_004,101.51,33.92,3.28,1.53,0.07,NORMAL
2026-09-05 09:33:53.659585,SPLICE_004,106.83,62.31,7.37,1.53,0.29,WARNING
2026-09-05 09:33:55.659585,SPLICE_005,95.66,33.57,1.77,1.6,0.17,NORMAL
2026-09-05 09:33:57.659585,SPLICE_001,102.35,35.67,2.43,1.53,0.07,NORMAL
2026-09-05 09:33:59.659585,SPLICE_002,97.76,30.55,0.84,1.51,0.11,NORMAL
2026-09-05 09:34:01.659585,SPLICE_005,97.63,38.02,3.07,1.5,0.02,NORMAL
2026-09-05 09:34:03.659585,SPLICE_002,98.93,32.37,1.49,1.57,0.17,NORMAL
2026-09-05 09:34:05.659585,SPLICE_004,104.74,55.17,5.82,1.43,0.52,WARNING
2026-09-05 09:34:07.659585,SPLICE_002,99.06,24.94,3.1,1.48,0.04,NORMAL
2026-09-05 09:34:09.659585,SPLICE_004,101.11,35.42,1.39,1.45,0.03,NORMAL
2026-09-05 09:34:11.659585,SPLICE_005,102.25,51.06,7.05,1.37,0.43,WARNING
2026-09-05 09:34:13.659585,SPLICE_005,106.04,61.94,3.73,1.65,0.31,WARNING
2026-09-05 09:34:15.659585,SPLICE_003,99.75,26.93,2.07,1.47,0.06,NORMAL
2026-09-05 09:34:17.659585,SPLICE_005,102.68,55.81,5.91,1.29,0.45,WARNING
2026-09-05 09:34:19.659585,SPLICE_004,99.47,26.34,2.31,1.49,0.17,NORMAL
2026-09-05 09:34:21.659585,SPLICE_001,101.33,43.01,2.48,1.45,0.11,NORMAL
2026-09-05 09:34:23.659585,SPLICE_003,101.61,28.53,3.28,1.52,0.09,NORMAL
2026-09-05 09:34:25.659585,SPLICE_004,99.67,25.14,4.18,1.41,0.02,NORMAL
2026-09-05 09:34:27.659585,SPLICE_003,106.38,43.71,2.24,1.55,0.51,WARNING
2026-09-05 09:34:29.659585,SPLICE_004,104.85,31.84,2.98,1.51,0.0,NORMAL
2026-09-05 09:34:31.659585,SPLICE_001,101.44,29.2,1.41,1.4,0.2,NORMAL
2026-09-05 09:34:33.659585,SPLICE_005,103.02,15.17,2.51,1.54,0.05,NORMAL
2026-09-05 09:34:35.659585,SPLICE_001,99.97,28.17,0.54,1.61,0.15,NORMAL
2026-09-05 09:34:37.659585,SPLICE_002,106.8,68.43,2.75,1.33,0.45,WARNING
2026-09-05 09:34:39.659585,SPLICE_001,97.85,33.23,1.49,1.54,0.04,NORMAL
2026-09-05 09:34:41.659585,SPLICE_002,103.1,26.86,2.1,1.46,0.06,NORMAL
2026-09-05 09:34:43.659585,SPLICE_002,101.02,34.85,2.33,1.31,0.05,NORMAL
2026-09-05 09:34:45.659585,SPLICE_003,102.02,71.84,2.88,1.32,0.21,WARNING
2026-09-05 09:34:47.659585,SPLICE_004,104.6,87.79,12.08,0.97,0.65,CRITICAL
2026-09-05 09:34:49.659585,SPLICE_004,103.9,30.39,3.18,1.53,0.09,NORMAL
2026-09-05 09:34:51.659585,SPLICE_001,102.75,30.42,3.73,1.47,0.09,NORMAL
2026-09-05 09:34:53.659585,SPLICE_002,102.97,27.65,1.5,1.45,0.04,NORMAL
2026-09-05 09:34:55.659585,SPLICE_004,97.5,26.74,3.34,1.52,0.16,NORMAL
2026-09-05 09:34:57.659585,SPLICE_004,96.68,37.75,2.51,1.54,0.15,NORMAL
2026-09-05 09:34:59.659585,SPLICE_003,105.56,43.83,7.03,1.51,0.47,WARNING
2026-09-05 09:35:01.659585,SPLICE_001,102.28,31.47,2.59,1.42,0.02,NORMAL
2026-09-05 09:35:03.659585,SPLICE_002,102.21,34.53,2.1,1.49,0.08,NORMAL
2026-09-05 09:35:05.659585,SPLICE_004,99.57,24.98,1.64,1.43,0.08,NORMAL
2026-09-05 09:35:07.659585,SPLICE_001,101.71,33.71,1.71,1.5,0.19,NORMAL
2026-09-05 09:35:09.659585,SPLICE_001,99.0,32.66,0.97,1.62,0.08,NORMAL
2026-09-05 09:35:11.659585,SPLICE_002,99.69,34.8,2.23,1.53,0.09,NORMAL
2026-09-05 09:35:13.659585,SPLICE_003,108.87,86.35,14.93,1.18,0.65,CRITICAL
2026-09-05 09:35:15.659585,SPLICE_002,101.32,25.48,1.79,1.57,0.1,NORMAL
2026-09-05 09:35:17.659585,SPLICE_001,106.9,41.75,8.29,1.55,0.36,WARNING
2026-09-05 09:35:19.659585,SPLICE_005,100.55,28.13,3.35,1.46,0.1,NORMAL
2026-09-05 09:35:21.659585,SPLICE_003,100.83,31.21,2.07,1.54,0.1,NORMAL
2026-09-05 09:35:23.659585,SPLICE_003,100.36,29.52,0.93,1.49,0.09,NORMAL
2026-09-05 09:35:25.659585,SPLICE_001,106.02,46.34,3.15,1.47,0.23,WARNING
2026-09-05 09:35:27.659585,SPLICE_002,112.94,95.48,14.64,1.44,0.68,CRITICAL
2026-09-05 09:35:29.659585,SPLICE_002,99.3,25.79,1.92,1.47,0.09,NORMAL
2026-09-05 09:35:31.659585,SPLICE_003,101.25,21.27,2.41,1.47,0.07,NORMAL
2026-09-05 09:35:33.659585,SPLICE_003,103.21,33.4,0.45,1.58,0.1,NORMAL
2026-09-05 09:35:35.659585,SPLICE_004,107.35,57.56,6.51,1.32,0.51,WARNING
2026-09-05 09:35:37.659585,SPLICE_001,105.67,77.4,21.92,0.98,1.0,CRITICAL
2026-09-05 09:35:39.659585,SPLICE_005,101.6,54.72,10.34,1.62,0.28,WARNING
2026-09-05 09:35:41.659585,SPLICE_004,102.15,34.35,1.19,1.44,0.2,NORMAL
2026-09-05 09:35:43.659585,SPLICE_002,102.66,26.79,3.42,1.49,0.15,NORMAL
2026-09-05 09:35:45.659585,SPLICE_001,101.78,32.1,2.12,1.53,0.05,NORMAL
2026-09-05 09:35:47.659585,SPLICE_004,102.86,27.2,0.94,1.52,0.01,NORMAL
2026-09-05 09:35:49.659585,SPLICE_005,97.76,34.11,3.68,1.5,0.11,NORMAL
2026-09-05 09:35:51.659585,SPLICE_001,98.57,25.86,2.17,1.64,0.04,NORMAL
2026-09-05 09:35:53.659585,SPLICE_002,105.93,57.75,10.75,1.41,0.28,WARNING
2026-09-05 09:35:55.659585,SPLICE_001,97.77,34.62,1.71,1.51,0.18,NORMAL
2026-09-05 09:35:57.659585,SPLICE_002,102.07,23.45,0.28,1.49,0.13,NORMAL
2026-09-05 09:35:59.659585,SPLICE_005,106.57,60.88,6.08,1.52,0.39,WARNING
2026-09-05 09:36:01.659585,SPLICE_003,105.29,63.22,6.22,1.4,0.26,WARNING
2026-09-05 09:36:03.659585,SPLICE_004,110.07,62.09,4.82,1.43,0.38,WARNING
2026-09-05 09:36:05.659585,SPLICE_001,99.87,18.88,2.34,1.52,0.02,NORMAL
2026-09-05 09:36:07.659585,SPLICE_003,105.79,62.9,5.76,1.44,0.47,WARNING
2026-09-05 09:36:09.659585,SPLICE_003,104.93,42.8,6.61,1.37,0.24,WARNING
2026-09-05 09:36:11.659585,SPLICE_004,102.99,57.63,8.11,1.27,0.21,WARNING
2026-09-05 09:36:13.659585,SPLICE_005,100.08,33.81,1.88,1.48,0.02,NORMAL
2026-09-05 09:36:15.659585,SPLICE_004,103.23,24.91,0.31,1.47,0.02,NORMAL
2026-09-05 09:36:17.659585,SPLICE_002,99.23,28.76,1.67,1.51,0.12,NORMAL
2026-09-05 09:36:19.659585,SPLICE_003,102.47,49.6,5.69,1.61,0.36,WARNING
2026-09-05 09:36:21.659585,SPLICE_003,105.27,75.64,8.09,1.22,0.47,WARNING
2026-09-05 09:36:23.659585,SPLICE_005,114.84,80.44,19.31,1.23,0.95,CRITICAL
2026-09-05 09:36:25.659585,SPLICE_005,99.73,26.41,0.9,1.51,0.15,NORMAL
2026-09-05 09:36:27.659585,SPLICE_005,100.83,31.25,2.51,1.55,0.18,NORMAL
2026-09-05 09:36:29.659585,SPLICE_003,106.4,50.11,6.01,1.41,0.41,WARNING
2026-09-05 09:36:31.659585,SPLICE_005,97.55,32.17,2.83,1.43,0.09,NORMAL
2026-09-05 09:36:33.659585,SPLICE_001,104.8,62.25,6.25,1.43,0.21,WARNING
2026-09-05 09:36:35.659585,SPLICE_005,98.11,25.37,2.57,1.54,0.2,NORMAL
2026-09-05 09:36:37.659585,SPLICE_002,104.08,68.27,8.97,1.48,0.58,WARNING
2026-09-05 09:36:39.659585,SPLICE_005,107.03,49.82,7.04,1.25,0.47,WARNING
2026-09-05 09:36:41.659585,SPLICE_005,101.15,22.75,1.18,1.44,0.09,NORMAL
2026-09-05 09:36:43.659585,SPLICE_001,94.92,37.32,0.09,1.5,0.03,NORMAL
2026-09-05 09:36:45.659585,SPLICE_005,110.15,58.17,5.33,1.51,0.58,WARNING
2026-09-05 09:36:47.659585,SPLICE_002,98.06,36.0,2.21,1.41,0.02,NORMAL
2026-09-05 09:36:49.659585,SPLICE_004,106.23,67.35,7.77,1.13,0.29,WARNING
2026-09-05 09:36:51.659585,SPLICE_002,100.76,30.21,1.81,1.48,0.05,NORMAL
2026-09-05 09:36:53.659585,SPLICE_003,98.67,23.12,2.2,1.43,0.13,NORMAL
2026-09-05 09:36:55.659585,SPLICE_003,94.66,34.42,1.95,1.43,0.08,NORMAL
2026-09-05 09:36:57.659585,SPLICE_005,101.29,33.6,2.08,1.54,0.17,NORMAL
2026-09-05 09:36:59.659585,SPLICE_001,106.13,49.43,9.25,1.41,0.24,WARNING
2026-09-05 09:37:01.659585,SPLICE_002,98.95,22.74,1.59,1.45,0.17,NORMAL
2026-09-05 09:37:03.659585,SPLICE_001,101.44,31.04,1.05,1.5,0.09,NORMAL
2026-09-05 09:37:05.659585,SPLICE_004,102.35,20.61,1.67,1.5,0.2,NORMAL
2026-09-05 09:37:07.659585,SPLICE_001,96.87,42.93,2.51,1.47,0.05,NORMAL
2026-09-05 09:37:09.659585,SPLICE_004,98.71,34.23,2.02,1.47,0.04,NORMAL
2026-09-05 09:37:11.659585,SPLICE_005,101.4,36.39,2.5,1.47,0.13,NORMAL
2026-09-05 09:37:13.659585,SPLICE_005,101.93,32.46,0.87,1.62,0.13,NORMAL
2026-09-05 09:37:15.659585,SPLICE_003,98.2,27.14,0.65,1.53,0.02,NORMAL
2026-09-05 09:37:17.659585,SPLICE_001,102.61,26.43,1.74,1.38,0.08,NORMAL
2026-09-05 09:37:19.659585,SPLICE_002,97.41,36.77,3.68,1.38,0.15,NORMAL
2026-09-05 09:37:21.659585,SPLICE_001,101.31,31.64,3.02,1.48,0.14,NORMAL
2026-09-05 09:37:23.659585,SPLICE_001,97.82,36.0,2.21,1.51,0.04,NORMAL
2026-09-05 09:37:25.659585,SPLICE_004,101.89,67.76,6.98,1.43,0.29,WARNING
2026-09-05 09:37:27.659585,SPLICE_001,110.63,45.52,7.35,1.33,0.57,WARNING
2026-09-05 09:37:29.659585,SPLICE_003,100.69,28.31,2.5,1.57,0.16,NORMAL
2026-09-05 09:37:31.659585,SPLICE_001,105.27,57.78,11.07,1.48,0.27,WARNING
2026-09-05 09:37:33.659585,SPLICE_001,114.95,89.4,21.71,1.31,0.81,CRITICAL
2026-09-05 09:37:35.659585,SPLICE_005,99.55,21.35,2.21,1.48,0.08,NORMAL
2026-09-05 09:37:37.659585,SPLICE_002,101.58,32.6,3.24,1.4,0.05,NORMAL
2026-09-05 09:37:39.659585,SPLICE_002,104.44,29.13,1.8,1.54,0.15,NORMAL
2026-09-05 09:37:41.659585,SPLICE_002,101.42,30.81,0.36,1.45,0.18,NORMAL
2026-09-05 09:37:43.659585,SPLICE_002,99.77,29.94,0.76,1.48,0.12,NORMAL
2026-09-05 09:37:45.659585,SPLICE_005,99.72,40.09,2.11,1.48,0.17,NORMAL
2026-09-05 09:37:47.659585,SPLICE_001,108.4,59.27,7.43,1.38,0.33,WARNING
2026-09-05 09:37:49.659585,SPLICE_005,100.34,32.41,1.24,1.46,0.09,NORMAL
2026-09-05 09:37:51.659585,SPLICE_004,104.36,61.82,3.17,1.3,0.52,WARNING
2026-09-05 09:37:53.659585,SPLICE_004,111.88,57.51,4.91,1.44,0.54,WARNING
2026-09-05 09:37:55.659585,SPLICE_002,108.53,47.81,5.05,1.28,0.32,WARNING
2026-09-05 09:37:57.659585,SPLICE_005,100.73,38.01,1.65,1.54,0.14,NORMAL
2026-09-05 09:37:59.659585,SPLICE_003,98.75,32.27,1.57,1.38,0.07,NORMAL
2026-09-05 09:38:01.659585,SPLICE_005,120.89,73.76,17.8,1.06,0.97,CRITICAL
2026-09-05 09:38:03.659585,SPLICE_004,125.04,96.75,18.21,0.98,0.99,CRITICAL
2026-09-05 09:38:05.659585,SPLICE_003,103.12,33.31,1.31,1.5,0.16,NORMAL
2026-09-05 09:38:07.659585,SPLICE_003,106.15,45.17,5.01,1.63,0.34,WARNING
2026-09-05 09:38:09.659585,SPLICE_004,100.2,52.36,3.03,1.31,0.43,WARNING
2026-09-05 09:38:11.659585,SPLICE_004,101.79,55.03,9.22,1.39,0.21,WARNING
2026-09-05 09:38:13.659585,SPLICE_003,101.03,39.61,2.41,1.48,0.07,NORMAL
2026-09-05 09:38:15.659585,SPLICE_005,101.71,27.31,2.78,1.51,0.13,NORMAL
2026-09-05 09:38:17.659585,SPLICE_004,108.12,59.05,5.68,1.42,0.4,WARNING
2026-09-05 09:38:19.659585,SPLICE_003,100.4,28.22,2.6,1.5,0.04,NORMAL
2026-09-05 09:38:21.659585,SPLICE_004,97.38,32.41,3.48,1.54,0.14,NORMAL
2026-09-05 09:38:23.659585,SPLICE_004,100.7,31.55,1.78,1.47,0.14,NORMAL
2026-09-05 09:38:25.659585,SPLICE_001,108.07,84.94,6.36,1.38,0.76,CRITICAL
2026-09-05 09:38:27.659585,SPLICE_005,99.24,36.33,0.98,1.57,0.19,NORMAL
2026-09-05 09:38:29.659585,SPLICE_002,119.72,89.46,12.57,1.4,0.79,CRITICAL
2026-09-05 09:38:31.659585,SPLICE_003,98.82,25.56,2.31,1.51,0.14,NORMAL
2026-09-05 09:38:33.659585,SPLICE_002,98.28,29.64,1.84,1.47,0.09,NORMAL
2026-09-05 09:38:35.659585,SPLICE_003,100.24,35.95,2.29,1.48,0.14,NORMAL
2026-09-05 09:38:37.659585,SPLICE_003,122.81,114.45,16.0,1.1,0.96,CRITICAL
2026-09-05 09:38:39.659585,SPLICE_005,99.5,27.87,1.71,1.53,0.13,NORMAL
2026-09-05 09:38:41.659585,SPLICE_005,104.74,34.28,0.32,1.46,0.01,NORMAL
2026-09-05 09:38:43.659585,SPLICE_001,101.72,34.26,3.16,1.57,0.05,NORMAL
2026-09-05 09:38:45.659585,SPLICE_002,96.11,29.55,3.11,1.47,0.18,NORMAL
2026-09-05 09:38:47.659585,SPLICE_003,106.18,62.17,8.3,1.34,0.29,WARNING
2026-09-05 09:38:49.659585,SPLICE_002,98.23,26.14,0.02,1.51,0.03,NORMAL
2026-09-05 09:38:51.659585,SPLICE_003,102.11,29.34,3.01,1.51,0.04,NORMAL
2026-09-05 09:38:53.659585,SPLICE_004,100.55,23.98,4.06,1.48,0.16,NORMAL
2026-09-05 09:38:55.659585,SPLICE_002,102.09,51.39,5.05,1.41,0.32,WARNING
2026-09-05 09:38:57.659585,SPLICE_003,104.61,44.57,9.25,1.56,0.48,WARNING
2026-09-05 09:38:59.659585,SPLICE_002,98.43,31.63,1.3,1.48,0.17,NORMAL
2026-09-05 09:39:01.659585,SPLICE_005,103.66,60.15,7.45,1.39,0.44,WARNING
2026-09-05 09:39:03.659585,SPLICE_001,98.72,34.08,2.64,1.47,0.14,NORMAL
2026-09-05 09:39:05.659585,SPLICE_003,101.1,39.48,3.64,1.52,0.05,NORMAL
2026-09-05 09:39:07.659585,SPLICE_005,101.76,28.26,2.45,1.41,0.14,NORMAL
2026-09-05 09:39:09.659585,SPLICE_001,120.84,82.55,17.49,1.32,0.79,CRITICAL
2026-09-05 09:39:11.659585,SPLICE_003,101.97,22.01,1.83,1.45,0.09,NORMAL
2026-09-05 09:39:13.659585,SPLICE_004,99.27,29.64,1.12,1.51,0.17,NORMAL
2026-09-05 09:39:15.659585,SPLICE_001,105.24,67.95,8.82,1.38,0.32,WARNING
2026-09-05 09:39:17.659585,SPLICE_002,107.47,58.77,6.23,1.37,0.21,WARNING
2026-09-05 09:39:19.659585,SPLICE_005,118.78,77.74,18.2,1.06,0.7,CRITICAL
2026-09-05 09:39:21.659585,SPLICE_004,100.42,29.77,1.34,1.43,0.06,NORMAL
2026-09-05 09:39:23.659585,SPLICE_005,99.95,25.03,3.5,1.45,0.16,NORMAL
2026-09-05 09:39:25.659585,SPLICE_005,99.01,30.23,1.44,1.51,0.12,NORMAL
2026-09-05 09:39:27.659585,SPLICE_003,98.0,33.06,1.42,1.55,0.12,NORMAL
2026-09-05 09:39:29.659585,SPLICE_002,99.5,32.92,2.74,1.53,0.19,NORMAL
2026-09-05 09:39:31.659585,SPLICE_004,113.49,80.7,16.32,1.5,0.63,CRITICAL
2026-09-05 09:39:33.659585,SPLICE_005,100.35,20.87,2.46,1.54,0.12,NORMAL
2026-09-05 09:39:35.659585,SPLICE_001,96.19,29.81,1.77,1.45,0.01,NORMAL
2026-09-05 09:39:37.659585,SPLICE_003,105.01,43.75,5.91,1.39,0.44,WARNING
2026-09-05 09:39:39.659585,SPLICE_002,98.4,30.47,1.31,1.56,0.15,NORMAL
2026-09-05 09:39:41.659585,SPLICE_001,98.61,29.2,3.78,1.49,0.08,NORMAL
2026-09-05 09:39:43.659585,SPLICE_001,101.39,26.2,2.12,1.38,0.07,NORMAL
2026-09-05 09:39:45.659585,SPLICE_003,101.72,25.84,1.16,1.41,0.08,NORMAL
2026-09-05 09:39:47.659585,SPLICE_005,100.9,31.15,1.65,1.6,0.16,NORMAL
2026-09-05 09:39:49.659585,SPLICE_002,104.38,56.38,9.57,1.38,0.33,WARNING
2026-09-05 09:39:51.659585,SPLICE_004,101.55,28.91,2.47,1.55,0.05,NORMAL
2026-09-05 09:39:53.659585,SPLICE_004,99.36,26.96,1.28,1.5,0.03,NORMAL
2026-09-05 09:39:55.659585,SPLICE_005,100.93,24.37,2.94,1.61,0.05,NORMAL
2026-09-05 09:39:57.659585,SPLICE_005,111.12,82.52,16.24,1.17,0.99,CRITICAL
2026-09-05 09:39:59.659585,SPLICE_005,101.32,31.17,1.7,1.5,0.2,NORMAL
2026-09-05 09:40:01.659585,SPLICE_001,100.59,26.77,1.37,1.43,0.13,NORMAL
2026-09-05 09:40:03.659585,SPLICE_004,96.84,27.99,0.78,1.44,0.19,NORMAL
2026-09-05 09:40:05.659585,SPLICE_005,99.61,37.05,2.55,1.47,0.03,NORMAL
2026-09-05 09:40:07.659585,SPLICE_004,98.87,23.92,1.98,1.45,0.06,NORMAL
2026-09-05 09:40:09.659585,SPLICE_003,96.93,40.92,1.03,1.49,0.03,NORMAL
2026-09-05 09:40:11.659585,SPLICE_003,99.16,28.56,2.14,1.47,0.14,NORMAL
2026-09-05 09:40:13.659585,SPLICE_001,110.44,46.63,7.63,1.42,0.23,WARNING
2026-09-05 09:40:15.659585,SPLICE_002,116.54,88.89,11.78,1.22,0.71,CRITICAL
2026-09-05 09:40:17.659585,SPLICE_005,107.6,40.77,6.53,1.39,0.49,WARNING
2026-09-05 09:40:19.659585,SPLICE_004,99.13,20.85,2.26,1.48,0.11,NORMAL
2026-09-05 09:40:21.659585,SPLICE_004,99.98,34.68,2.7,1.51,0.06,NORMAL
2026-09-05 09:40:23.659585,SPLICE_002,99.11,29.34,3.59,1.53,0.15,NORMAL
2026-09-05 09:40:25.659585,SPLICE_003,99.63,24.21,2.51,1.45,0.03,NORMAL
2026-09-05 09:40:27.659585,SPLICE_001,99.62,31.42,2.77,1.48,0.09,NORMAL
2026-09-05 09:40:29.659585,SPLICE_001,99.99,27.78,0.47,1.53,0.11,NORMAL
2026-09-05 09:40:31.659585,SPLICE_005,108.57,73.33,15.37,1.16,0.81,CRITICAL
2026-09-05 09:40:33.659585,SPLICE_003,101.78,29.56,2.0,1.47,0.06,NORMAL
2026-09-05 09:40:35.659585,SPLICE_001,101.13,26.4,2.64,1.45,0.07,NORMAL
2026-09-05 09:40:37.659585,SPLICE_004,101.5,30.1,2.0,1.47,0.17,NORMAL
2026-09-05 09:40:39.659585,SPLICE_002,101.22,60.03,10.26,1.31,0.56,WARNING
2026-09-05 09:40:41.659585,SPLICE_002,97.76,26.33,1.14,1.46,0.04,NORMAL
2026-09-05 09:40:43.659585,SPLICE_005,104.93,51.57,8.52,1.47,0.24,WARNING
2026-09-05 09:40:45.659585,SPLICE_005,99.37,35.79,2.51,1.42,0.16,NORMAL
2026-09-05 09:40:47.659585,SPLICE_002,100.67,31.19,1.74,1.5,0.18,NORMAL
2026-09-05 09:40:49.659585,SPLICE_001,100.02,29.96,0.88,1.43,0.01,NORMAL
2026-09-05 09:40:51.659585,SPLICE_005,101.47,28.36,1.93,1.48,0.01,NORMAL
2026-09-05 09:40:53.659585,SPLICE_002,97.79,27.83,2.53,1.48,0.09,NORMAL
2026-09-05 09:40:55.659585,SPLICE_002,107.87,42.37,6.14,1.34,0.42,WARNING
2026-09-05 09:40:57.659585,SPLICE_005,101.52,24.44,3.56,1.5,0.19,NORMAL
2026-09-05 09:40:59.659585,SPLICE_004,99.33,26.12,1.13,1.48,0.16,NORMAL
2026-09-05 09:41:01.659585,SPLICE_001,99.81,38.06,1.3,1.5,0.11,NORMAL
2026-09-05 09:41:03.659585,SPLICE_003,100.7,36.92,2.86,1.44,0.07,NORMAL
2026-09-05 09:41:05.659585,SPLICE_003,103.53,78.76,9.93,1.32,0.55,WARNING
2026-09-05 09:41:07.659585,SPLICE_001,103.81,30.55,1.89,1.56,0.17,NORMAL
2026-09-05 09:41:09.659585,SPLICE_004,99.27,28.27,2.86,1.52,0.18,NORMAL
2026-09-05 09:41:11.659585,SPLICE_004,100.77,40.93,3.14,1.46,0.11,NORMAL
2026-09-05 09:41:13.659585,SPLICE_001,107.36,100.57,15.3,1.27,0.98,CRITICAL
2026-09-05 09:41:15.659585,SPLICE_004,106.06,53.94,8.95,1.49,0.56,WARNING
2026-09-05 09:41:17.659585,SPLICE_005,99.03,29.86,1.28,1.5,0.1,NORMAL
2026-09-05 09:41:19.659585,SPLICE_002,99.05,29.38,0.94,1.42,0.2,NORMAL
2026-09-05 09:41:21.659585,SPLICE_004,100.44,22.83,3.93,1.49,0.02,NORMAL
2026-09-05 09:41:23.659585,SPLICE_001,102.67,28.73,3.9,1.5,0.15,NORMAL
2026-09-05 09:41:25.659585,SPLICE_005,101.09,28.21,0.55,1.49,0.17,NORMAL
2026-09-05 09:41:27.659585,SPLICE_004,103.04,27.5,0.17,1.54,0.16,NORMAL
2026-09-05 09:41:29.659585,SPLICE_002,96.41,36.93,3.36,1.43,0.18,NORMAL
2026-09-05 09:41:31.659585,SPLICE_003,100.44,24.25,2.77,1.54,0.11,NORMAL
2026-09-05 09:41:33.659585,SPLICE_003,102.69,33.26,2.47,1.53,0.07,NORMAL
2026-09-05 09:41:35.659585,SPLICE_005,99.89,29.04,1.87,1.5,0.14,NORMAL
2026-09-05 09:41:37.659585,SPLICE_001,101.0,21.89,1.89,1.51,0.05,NORMAL
2026-09-05 09:41:39.659585,SPLICE_004,106.3,49.03,5.36,1.32,0.6,WARNING
2026-09-05 09:41:41.659585,SPLICE_001,118.24,89.94,19.15,1.23,0.86,CRITICAL
2026-09-05 09:41:43.659585,SPLICE_003,99.86,30.71,3.65,1.54,0.08,NORMAL
2026-09-05 09:41:45.659585,SPLICE_003,98.62,53.88,9.34,1.39,0.46,WARNING
2026-09-05 09:41:47.659585,SPLICE_002,100.11,27.02,1.67,1.4,0.16,NORMAL
2026-09-05 09:41:49.659585,SPLICE_004,97.23,27.38,1.82,1.53,0.06,NORMAL
2026-09-05 09:41:51.659585,SPLICE_005,107.9,50.92,4.78,1.48,0.35,WARNING
2026-09-05 09:41:53.659585,SPLICE_002,106.57,33.92,1.73,1.54,0.18,NORMAL
2026-09-05 09:41:55.659585,SPLICE_005,103.21,28.09,0.64,1.46,0.13,NORMAL
2026-09-05 09:41:57.659585,SPLICE_003,108.2,82.87,11.15,1.19,0.91,CRITICAL
2026-09-05 09:41:59.659585,SPLICE_003,97.99,36.8,3.98,1.59,0.06,NORMAL
2026-09-05 09:42:01.659585,SPLICE_002,97.09,40.2,1.6,1.49,0.05,NORMAL
2026-09-05 09:42:03.659585,SPLICE_002,100.39,23.04,3.61,1.58,0.08,NORMAL
2026-09-05 09:42:05.659585,SPLICE_002,109.58,52.75,7.61,1.4,0.38,WARNING
2026-09-05 09:42:07.659585,SPLICE_003,99.12,30.73,2.94,1.52,0.19,NORMAL
2026-09-05 09:42:09.659585,SPLICE_005,107.83,106.92,10.27,1.23,0.94,CRITICAL
2026-09-05 09:42:11.659585,SPLICE_004,114.47,93.7,12.17,1.14,0.87,CRITICAL
2026-09-05 09:42:13.659585,SPLICE_002,101.17,28.65,3.16,1.57,0.11,NORMAL
2026-09-05 09:42:15.659585,SPLICE_005,124.08,88.23,15.63,1.12,0.91,CRITICAL
2026-09-05 09:42:17.659585,SPLICE_003,101.4,33.62,1.85,1.52,0.14,NORMAL
2026-09-05 09:42:19.659585,SPLICE_005,115.95,84.34,14.98,1.06,0.77,CRITICAL
2026-09-05 09:42:21.659585,SPLICE_001,102.28,23.18,2.4,1.47,0.2,NORMAL
2026-09-05 09:42:23.659585,SPLICE_002,107.11,57.5,4.21,1.29,0.41,WARNING
2026-09-05 09:42:25.659585,SPLICE_003,103.07,62.8,7.9,1.57,0.24,WARNING
2026-09-05 09:42:27.659585,SPLICE_004,114.59,92.43,15.03,1.46,0.84,CRITICAL
2026-09-05 09:42:29.659585,SPLICE_003,98.07,26.83,0.26,1.58,0.08,NORMAL
2026-09-05 09:42:31.659585,SPLICE_003,102.42,35.48,1.87,1.48,0.08,NORMAL
2026-09-05 09:42:33.659585,SPLICE_002,99.58,28.39,1.61,1.51,0.0,NORMAL
2026-09-05 09:42:35.659585,SPLICE_002,99.05,38.55,0.76,1.52,0.16,NORMAL
2026-09-05 09:42:37.659585,SPLICE_005,100.19,32.74,0.87,1.56,0.08,NORMAL
2026-09-05 09:42:39.659585,SPLICE_005,100.55,30.75,3.23,1.53,0.03,NORMAL
2026-09-05 09:42:41.659585,SPLICE_002,100.33,22.66,2.46,1.44,0.06,NORMAL
2026-09-05 09:42:43.659585,SPLICE_002,101.18,32.79,0.68,1.49,0.13,NORMAL
2026-09-05 09:42:45.659585,SPLICE_003,97.97,27.0,2.39,1.52,0.05,NORMAL
2026-09-05 09:42:47.659585,SPLICE_004,97.74,26.27,2.01,1.54,0.13,NORMAL
2026-09-05 09:42:49.659585,SPLICE_005,103.63,24.15,0.43,1.44,0.13,NORMAL
2026-09-05 09:42:51.659585,SPLICE_003,96.74,33.6,1.62,1.45,0.08,NORMAL
2026-09-05 09:42:53.659585,SPLICE_004,101.44,31.12,2.01,1.43,0.09,NORMAL
2026-09-05 09:42:55.659585,SPLICE_002,98.18,34.05,2.94,1.51,0.18,NORMAL
2026-09-05 09:42:57.659585,SPLICE_002,99.62,31.46,2.33,1.51,0.04,NORMAL
2026-09-05 09:42:59.659585,SPLICE_001,121.62,92.35,15.82,1.29,0.99,CRITICAL
2026-09-05 09:43:01.659585,SPLICE_004,97.45,23.41,0.21,1.54,0.0,NORMAL
2026-09-05 09:43:03.659585,SPLICE_002,108.72,61.67,5.44,1.52,0.41,WARNING
2026-09-05 09:43:05.659585,SPLICE_001,97.95,30.85,2.14,1.49,0.0,NORMAL
2026-09-05 09:43:07.659585,SPLICE_004,106.06,59.66,3.39,1.5,0.54,WARNING
2026-09-05 09:43:09.659585,SPLICE_004,97.34,26.15,1.65,1.55,0.0,NORMAL
2026-09-05 09:43:11.659585,SPLICE_004,110.82,45.88,6.12,1.24,0.22,WARNING
2026-09-05 09:43:13.659585,SPLICE_004,102.96,32.54,0.37,1.41,0.02,NORMAL
2026-09-05 09:43:15.659585,SPLICE_001,99.08,28.02,4.77,1.41,0.19,NORMAL
2026-09-05 09:43:17.659585,SPLICE_004,106.5,49.35,10.48,1.68,0.55,WARNING
2026-09-05 09:43:19.659585,SPLICE_004,97.65,36.52,2.94,1.42,0.03,NORMAL
2026-09-05 09:43:21.659585,SPLICE_005,98.96,17.11,2.44,1.5,0.01,NORMAL
2026-09-05 09:43:23.659585,SPLICE_005,100.21,32.9,1.68,1.57,0.09,NORMAL
2026-09-05 09:43:25.659585,SPLICE_001,98.56,26.87,2.94,1.5,0.06,NORMAL
2026-09-05 09:43:27.659585,SPLICE_004,102.63,34.8,2.33,1.57,0.08,NORMAL
2026-09-05 09:43:29.659585,SPLICE_001,106.28,58.14,5.27,1.53,0.47,WARNING
2026-09-05 09:43:31.659585,SPLICE_002,98.28,25.91,2.18,1.59,0.14,NORMAL
2026-09-05 09:43:33.659585,SPLICE_004,118.27,69.73,23.47,1.02,0.72,CRITICAL
2026-09-05 09:43:35.659585,SPLICE_001,101.76,33.1,1.12,1.45,0.13,NORMAL
2026-09-05 09:43:37.659585,SPLICE_005,109.27,63.36,5.12,1.56,0.36,WARNING
2026-09-05 09:43:39.659585,SPLICE_001,98.66,27.6,1.41,1.51,0.19,NORMAL
2026-09-05 09:43:41.659585,SPLICE_004,100.53,31.21,1.81,1.54,0.17,NORMAL
2026-09-05 09:43:43.659585,SPLICE_003,103.55,61.5,6.44,1.41,0.54,WARNING
2026-09-05 09:43:45.659585,SPLICE_003,101.05,25.61,0.72,1.5,0.15,NORMAL
2026-09-05 09:43:47.659585,SPLICE_004,98.56,23.99,0.3,1.53,0.08,NORMAL
2026-09-05 09:43:49.659585,SPLICE_001,99.07,32.28,1.76,1.47,0.08,NORMAL
2026-09-05 09:43:51.659585,SPLICE_002,95.65,33.63,0.03,1.44,0.13,NORMAL
2026-09-05 09:43:53.659585,SPLICE_004,100.02,32.64,0.39,1.45,0.02,NORMAL
2026-09-05 09:43:55.659585,SPLICE_005,96.22,26.07,1.63,1.47,0.18,NORMAL
2026-09-05 09:43:57.659585,SPLICE_005,120.39,75.02,9.99,1.49,0.7,CRITICAL
2026-09-05 09:43:59.659585,SPLICE_005,102.46,21.27,0.82,1.47,0.02,NORMAL
2026-09-05 09:44:01.659585,SPLICE_004,99.68,35.06,1.82,1.62,0.17,NORMAL
2026-09-05 09:44:03.659585,SPLICE_001,97.71,44.0,2.19,1.52,0.02,NORMAL
2026-09-05 09:44:05.659585,SPLICE_005,107.53,50.42,7.33,1.52,0.42,WARNING
2026-09-05 09:44:07.659585,SPLICE_002,103.21,71.15,5.6,1.43,0.58,WARNING
2026-09-05 09:44:09.659585,SPLICE_001,101.4,36.69,1.1,1.48,0.08,NORMAL
2026-09-05 09:44:11.659585,SPLICE_002,109.57,66.49,9.94,1.25,0.53,WARNING
2026-09-05 09:44:13.659585,SPLICE_001,99.91,27.81,2.28,1.58,0.13,NORMAL
2026-09-05 09:44:15.659585,SPLICE_004,100.5,30.04,1.99,1.47,0.02,NORMAL
2026-09-05 09:44:17.659585,SPLICE_001,99.25,24.57,1.85,1.52,0.13,NORMAL
2026-09-05 09:44:19.659585,SPLICE_004,110.02,56.15,8.56,1.48,0.4,WARNING
2026-09-05 09:44:21.659585,SPLICE_005,104.8,32.66,1.01,1.47,0.18,NORMAL
2026-09-05 09:44:23.659585,SPLICE_002,99.07,31.44,3.92,1.5,0.11,NORMAL
2026-09-05 09:44:25.659585,SPLICE_004,102.04,32.67,3.03,1.48,0.03,NORMAL
2026-09-05 09:44:27.659585,SPLICE_002,108.32,69.91,17.21,1.37,0.77,CRITICAL
2026-09-05 09:44:29.659585,SPLICE_005,104.65,56.23,7.9,1.29,0.46,WARNING
2026-09-05 09:44:31.659585,SPLICE_002,99.02,36.94,2.94,1.56,0.19,NORMAL
2026-09-05 09:44:33.659585,SPLICE_002,100.53,22.73,2.11,1.43,0.07,NORMAL
2026-09-05 09:44:35.659585,SPLICE_001,96.87,30.76,2.09,1.47,0.07,NORMAL
2026-09-05 09:44:37.659585,SPLICE_003,104.36,47.1,9.54,1.43,0.37,WARNING
2026-09-05 09:44:39.659585,SPLICE_004,99.92,34.62,1.7,1.64,0.15,NORMAL
2026-09-05 09:44:41.659585,SPLICE_002,96.69,32.41,2.31,1.45,0.1,NORMAL
2026-09-05 09:44:43.659585,SPLICE_002,113.94,76.77,20.2,1.21,0.63,CRITICAL
2026-09-05 09:44:45.659585,SPLICE_001,102.11,27.53,0.67,1.55,0.17,NORMAL
2026-09-05 09:44:47.659585,SPLICE_003,98.02,9.9,1.05,1.48,0.07,NORMAL
2026-09-05 09:44:49.659585,SPLICE_004,107.83,53.84,7.07,1.51,0.43,WARNING
2026-09-05 09:44:51.659585,SPLICE_005,102.29,60.24,7.78,1.3,0.56,WARNING
2026-09-05 09:44:53.659585,SPLICE_005,103.28,65.45,3.6,1.48,0.6,WARNING
2026-09-05 09:44:55.659585,SPLICE_002,101.3,37.05,3.89,1.44,0.07,NORMAL
2026-09-05 09:44:57.659585,SPLICE_004,99.84,28.17,2.19,1.53,0.02,NORMAL
2026-09-05 09:44:59.659585,SPLICE_004,99.32,32.81,1.19,1.45,0.12,NORMAL
2026-09-05 09:45:01.659585,SPLICE_005,98.83,45.2,1.03,1.56,0.16,NORMAL
2026-09-05 09:45:03.659585,SPLICE_005,101.02,27.08,3.26,1.56,0.1,NORMAL
2026-09-05 09:45:05.659585,SPLICE_005,104.23,56.87,7.49,1.29,0.5,WARNING
2026-09-05 09:45:07.659585,SPLICE_002,100.15,31.68,3.7,1.49,0.07,NORMAL
2026-09-05 09:45:09.659585,SPLICE_002,101.71,29.93,1.13,1.46,0.06,NORMAL
2026-09-05 09:45:11.659585,SPLICE_003,96.3,27.08,3.42,1.43,0.15,NORMAL
2026-09-05 09:45:13.659585,SPLICE_001,101.57,32.94,2.17,1.57,0.12,NORMAL
2026-09-05 09:45:15.659585,SPLICE_005,101.91,31.84,2.0,1.54,0.11,NORMAL
2026-09-05 09:45:17.659585,SPLICE_001,100.28,36.28,2.91,1.5,0.16,NORMAL
2026-09-05 09:45:19.659585,SPLICE_004,114.54,86.34,19.89,1.21,0.64,CRITICAL
2026-09-05 09:45:21.659585,SPLICE_002,98.89,32.59,2.44,1.56,0.04,NORMAL
2026-09-05 09:45:23.659585,SPLICE_005,103.96,28.55,0.96,1.6,0.18,NORMAL
2026-09-05 09:45:25.659585,SPLICE_005,102.09,47.14,2.12,1.43,0.16,NORMAL
2026-09-05 09:45:27.659585,SPLICE_005,100.29,22.56,2.79,1.46,0.11,NORMAL
2026-09-05 09:45:29.659585,SPLICE_004,109.93,61.92,2.67,1.49,0.46,WARNING
2026-09-05 09:45:31.659585,SPLICE_003,114.15,93.37,11.23,0.96,0.77,CRITICAL
2026-09-05 09:45:33.659585,SPLICE_001,105.99,48.62,12.25,1.38,0.35,WARNING
2026-09-05 09:45:35.659585,SPLICE_003,101.86,31.39,2.1,1.53,0.01,NORMAL
2026-09-05 09:45:37.659585,SPLICE_004,103.28,51.62,6.56,1.38,0.22,WARNING
2026-09-05 09:45:39.659585,SPLICE_004,106.28,62.34,8.75,1.45,0.52,WARNING
2026-09-05 09:45:41.659585,SPLICE_001,101.23,29.59,1.68,1.51,0.14,NORMAL
2026-09-05 09:45:43.659585,SPLICE_002,101.22,31.4,3.21,1.41,0.0,NORMAL
2026-09-05 09:45:45.659585,SPLICE_003,99.05,29.09,3.34,1.5,0.04,NORMAL
2026-09-05 09:45:47.659585,SPLICE_004,97.13,30.67,2.03,1.45,0.02,NORMAL
2026-09-05 09:45:49.659585,SPLICE_002,99.14,30.4,2.12,1.45,0.12,NORMAL
2026-09-05 09:45:51.659585,SPLICE_001,100.13,27.84,2.5,1.54,0.03,NORMAL
2026-09-05 09:45:53.659585,SPLICE_005,123.54,94.17,17.19,1.31,0.85,CRITICAL
2026-09-05 09:45:55.659585,SPLICE_004,109.04,59.72,4.48,1.52,0.35,WARNING
2026-09-05 09:45:57.659585,SPLICE_005,115.79,85.69,12.82,1.32,0.78,CRITICAL
2026-09-05 09:45:59.659585,SPLICE_003,97.77,25.47,0.03,1.44,0.13,NORMAL
2026-09-05 09:46:01.659585,SPLICE_003,98.82,34.54,2.65,1.44,0.13,NORMAL
2026-09-05 09:46:03.659585,SPLICE_005,115.35,96.75,11.94,1.23,0.77,CRITICAL
2026-09-05 09:46:05.659585,SPLICE_003,111.28,76.74,20.48,1.2,0.9,CRITICAL
2026-09-05 09:46:07.659585,SPLICE_005,102.02,41.67,2.42,1.5,0.11,NORMAL
2026-09-05 09:46:09.659585,SPLICE_005,103.51,48.96,7.98,1.64,0.2,WARNING
2026-09-05 09:46:11.659585,SPLICE_004,101.06,34.28,1.46,1.51,0.07,NORMAL
2026-09-05 09:46:13.659585,SPLICE_002,103.66,51.09,2.89,1.33,0.47,WARNING
2026-09-05 09:46:15.659585,SPLICE_002,105.72,57.57,7.91,1.42,0.28,WARNING
2026-09-05 09:46:17.659585,SPLICE_002,99.97,27.09,0.04,1.47,0.19,NORMAL
2026-09-05 09:46:19.659585,SPLICE_001,101.02,35.11,2.51,1.46,0.15,NORMAL
2026-09-05 09:46:21.659585,SPLICE_001,108.27,53.93,5.96,1.33,0.23,WARNING
2026-09-05 09:46:23.659585,SPLICE_002,107.53,64.9,5.2,1.35,0.22,WARNING
2026-09-05 09:46:25.659585,SPLICE_004,99.65,23.77,1.17,1.46,0.18,NORMAL
2026-09-05 09:46:27.659585,SPLICE_003,103.52,30.58,1.9,1.48,0.1,NORMAL
2026-09-05 09:46:29.659585,SPLICE_002,99.62,29.22,1.78,1.47,0.19,NORMAL
2026-09-05 09:46:31.659585,SPLICE_002,100.46,26.65,0.76,1.49,0.04,NORMAL
2026-09-05 09:46:33.659585,SPLICE_003,110.14,59.47,8.65,1.52,0.53,WARNING
2026-09-05 09:46:35.659585,SPLICE_003,100.71,39.71,2.78,1.46,0.09,NORMAL
2026-09-05 09:46:37.659585,SPLICE_005,101.86,26.85,2.37,1.51,0.03,NORMAL
2026-09-05 09:46:39.659585,SPLICE_001,97.5,33.65,3.13,1.53,0.07,NORMAL
2026-09-05 09:46:41.659585,SPLICE_003,97.9,25.11,1.95,1.46,0.11,NORMAL
2026-09-05 09:46:43.659585,SPLICE_005,99.54,26.14,2.38,1.4,0.13,NORMAL
2026-09-05 09:46:45.659585,SPLICE_001,103.76,58.35,8.13,1.5,0.56,WARNING
2026-09-05 09:46:47.659585,SPLICE_002,101.9,29.39,1.82,1.55,0.08,NORMAL
2026-09-05 09:46:49.659585,SPLICE_003,115.82,88.3,11.35,1.24,0.72,CRITICAL
2026-09-05 09:46:51.659585,SPLICE_004,116.37,79.63,11.36,1.35,0.72,CRITICAL
2026-09-05 09:46:53.659585,SPLICE_001,99.18,29.87,1.34,1.55,0.17,NORMAL
2026-09-05 09:46:55.659585,SPLICE_004,101.16,35.42,2.19,1.4,0.09,NORMAL
2026-09-05 09:46:57.659585,SPLICE_004,108.8,51.54,9.55,1.39,0.24,WARNING
2026-09-05 09:46:59.659585,SPLICE_005,106.87,75.94,4.02,1.41,0.49,WARNING
2026-09-05 09:47:01.659585,SPLICE_004,106.43,48.5,8.64,1.41,0.41,WARNING
2026-09-05 09:47:03.659585,SPLICE_004,116.08,74.25,15.06,1.12,0.63,CRITICAL
2026-09-05 09:47:05.659585,SPLICE_001,108.25,54.58,6.22,1.42,0.29,WARNING
2026-09-05 09:47:07.659585,SPLICE_003,101.41,31.55,3.63,1.61,0.19,NORMAL
2026-09-05 09:47:09.659585,SPLICE_003,101.28,32.26,2.75,1.4,0.12,NORMAL
2026-09-05 09:47:11.659585,SPLICE_001,101.43,20.89,1.44,1.48,0.07,NORMAL
2026-09-05 09:47:13.659585,SPLICE_003,107.05,56.61,11.22,1.34,0.24,WARNING
2026-09-05 09:47:15.659585,SPLICE_003,100.3,34.39,2.66,1.53,0.05,NORMAL
2026-09-05 09:47:17.659585,SPLICE_002,101.13,30.18,2.27,1.47,0.19,NORMAL
2026-09-05 09:47:19.659585,SPLICE_001,101.53,27.89,2.04,1.5,0.05,NORMAL
2026-09-05 09:47:21.659585,SPLICE_004,99.55,29.6,2.28,1.51,0.13,NORMAL
2026-09-05 09:47:23.659585,SPLICE_002,98.75,28.91,2.83,1.55,0.18,NORMAL
2026-09-05 09:47:25.659585,SPLICE_004,101.53,32.69,2.72,1.57,0.09,NORMAL
2026-09-05 09:47:27.659585,SPLICE_001,106.82,60.84,5.48,1.38,0.32,WARNING
2026-09-05 09:47:29.659585,SPLICE_003,100.79,57.71,7.3,1.25,0.27,WARNING
2026-09-05 09:47:31.659585,SPLICE_003,105.78,66.39,4.76,1.42,0.33,WARNING
2026-09-05 09:47:33.659585,SPLICE_003,102.56,28.14,1.28,1.54,0.12,NORMAL
2026-09-05 09:47:35.659585,SPLICE_004,106.25,59.78,8.9,1.46,0.49,WARNING
2026-09-05 09:47:37.659585,SPLICE_003,103.42,36.05,2.44,1.55,0.15,NORMAL
2026-09-05 09:47:39.659585,SPLICE_003,98.74,23.47,2.02,1.44,0.09,NORMAL
2026-09-05 09:47:41.659585,SPLICE_003,98.71,35.56,2.39,1.56,0.14,NORMAL
2026-09-05 09:47:43.659585,SPLICE_003,107.28,40.55,9.36,1.58,0.57,WARNING
2026-09-05 09:47:45.659585,SPLICE_002,112.38,92.61,8.98,1.14,0.6,CRITICAL
2026-09-05 09:47:47.659585,SPLICE_004,98.88,38.3,3.08,1.46,0.17,NORMAL
2026-09-05 09:47:49.659585,SPLICE_004,115.25,86.7,7.46,1.14,0.69,CRITICAL
2026-09-05 09:47:51.659585,SPLICE_002,99.14,23.21,1.46,1.47,0.14,NORMAL
2026-09-05 09:47:53.659585,SPLICE_004,104.19,38.3,6.41,1.29,0.24,WARNING
2026-09-05 09:47:55.659585,SPLICE_005,98.15,30.38,2.32,1.57,0.14,NORMAL
2026-09-05 09:47:57.659585,SPLICE_003,96.32,23.68,2.06,1.45,0.1,NORMAL
2026-09-05 09:47:59.659585,SPLICE_001,111.06,53.21,8.03,1.47,0.26,WARNING
2026-09-05 09:48:01.659585,SPLICE_005,98.59,31.02,1.08,1.58,0.03,NORMAL
2026-09-05 09:48:03.659585,SPLICE_002,100.63,35.01,1.75,1.5,0.11,NORMAL
2026-09-05 09:48:05.659585,SPLICE_001,100.33,33.67,3.37,1.52,0.11,NORMAL
2026-09-05 09:48:07.659585,SPLICE_005,100.34,25.83,3.48,1.54,0.15,NORMAL
2026-09-05 09:48:09.659585,SPLICE_003,118.5,96.59,13.17,1.0,0.91,CRITICAL
2026-09-05 09:48:11.659585,SPLICE_005,100.21,57.92,7.07,1.25,0.44,WARNING
2026-09-05 09:48:13.659585,SPLICE_003,100.72,23.89,0.16,1.46,0.11,NORMAL
2026-09-05 09:48:15.659585,SPLICE_001,101.64,33.95,3.42,1.47,0.08,NORMAL
2026-09-05 09:48:17.659585,SPLICE_003,100.88,21.05,1.25,1.41,0.1,NORMAL
2026-09-05 09:48:19.659585,SPLICE_003,100.15,35.79,0.69,1.46,0.08,NORMAL
2026-09-05 09:48:21.659585,SPLICE_002,103.36,30.54,1.71,1.48,0.08,NORMAL
2026-09-05 09:48:23.659585,SPLICE_002,97.5,21.94,1.37,1.55,0.1,NORMAL
2026-09-05 09:48:25.659585,SPLICE_005,97.36,33.05,2.38,1.59,0.09,NORMAL
2026-09-05 09:48:27.659585,SPLICE_004,98.81,33.59,2.16,1.55,0.12,NORMAL
2026-09-05 09:48:29.659585,SPLICE_003,100.34,31.0,3.44,1.53,0.09,NORMAL
2026-09-05 09:48:31.659585,SPLICE_003,98.58,30.38,2.63,1.42,0.12,NORMAL
2026-09-05 09:48:33.659585,SPLICE_005,100.07,37.68,3.78,1.5,0.1,NORMAL
2026-09-05 09:48:35.659585,SPLICE_001,101.69,31.16,0.34,1.43,0.0,NORMAL
2026-09-05 09:48:37.659585,SPLICE_003,99.29,30.43,3.41,1.5,0.11,NORMAL
2026-09-05 09:48:39.659585,SPLICE_003,101.73,26.52,2.92,1.45,0.12,NORMAL
2026-09-05 09:48:41.659585,SPLICE_003,101.82,35.45,1.33,1.54,0.09,NORMAL
2026-09-05 09:48:43.659585,SPLICE_002,98.53,39.71,2.97,1.57,0.02,NORMAL
2026-09-05 09:48:45.659585,SPLICE_005,108.15,62.29,5.08,1.44,0.31,WARNING
2026-09-05 09:48:47.659585,SPLICE_005,96.96,26.31,2.67,1.47,0.13,NORMAL
2026-09-05 09:48:49.659585,SPLICE_002,97.05,31.76,0.82,1.53,0.04,NORMAL
2026-09-05 09:48:51.659585,SPLICE_001,97.71,34.5,1.5,1.56,0.1,NORMAL
2026-09-05 09:48:53.659585,SPLICE_001,101.89,34.1,2.01,1.42,0.07,NORMAL
2026-09-05 09:48:55.659585,SPLICE_004,101.18,36.55,3.52,1.49,0.05,NORMAL
2026-09-05 09:48:57.659585,SPLICE_005,107.69,58.12,7.56,1.44,0.36,WARNING
2026-09-05 09:48:59.659585,SPLICE_004,99.92,30.8,0.97,1.52,0.2,NORMAL
2026-09-05 09:49:01.659585,SPLICE_003,102.04,34.11,2.7,1.56,0.06,NORMAL
2026-09-05 09:49:03.659585,SPLICE_002,103.01,54.79,3.76,1.38,0.34,WARNING
2026-09-05 09:49:05.659585,SPLICE_005,99.05,27.02,0.38,1.54,0.11,NORMAL
2026-09-05 09:49:07.659585,SPLICE_004,101.36,31.03,1.44,1.46,0.2,NORMAL
2026-09-05 09:49:09.659585,SPLICE_001,105.39,54.56,6.16,1.41,0.23,WARNING
2026-09-05 09:49:11.659585,SPLICE_004,94.95,27.52,0.82,1.6,0.19,NORMAL
2026-09-05 09:49:13.659585,SPLICE_003,103.8,31.7,1.64,1.49,0.03,NORMAL
2026-09-05 09:49:15.659585,SPLICE_004,95.96,30.71,2.3,1.5,0.03,NORMAL
2026-09-05 09:49:17.659585,SPLICE_002,98.15,30.47,2.3,1.4,0.19,NORMAL
2026-09-05 09:49:19.659585,SPLICE_005,98.72,29.2,0.96,1.48,0.05,NORMAL
2026-09-05 09:49:21.659585,SPLICE_003,98.73,30.87,4.31,1.46,0.08,NORMAL
2026-09-05 09:49:23.659585,SPLICE_003,109.76,50.22,6.42,1.2,0.36,WARNING
2026-09-05 09:49:25.659585,SPLICE_003,101.64,28.53,1.18,1.52,0.12,NORMAL
2026-09-05 09:49:27.659585,SPLICE_001,100.65,33.18,1.57,1.41,0.11,NORMAL
2026-09-05 09:49:29.659585,SPLICE_001,100.22,21.32,4.44,1.48,0.1,NORMAL
2026-09-05 09:49:31.659585,SPLICE_004,107.13,53.38,7.37,1.33,0.47,WARNING
2026-09-05 09:49:33.659585,SPLICE_003,111.83,55.44,7.58,1.37,0.26,WARNING
2026-09-05 09:49:35.659585,SPLICE_005,98.56,29.16,3.98,1.53,0.19,NORMAL
2026-09-05 09:49:37.659585,SPLICE_005,100.58,38.38,1.96,1.54,0.11,NORMAL
2026-09-05 09:49:39.659585,SPLICE_001,96.84,38.43,1.62,1.52,0.11,NORMAL
2026-09-05 09:49:41.659585,SPLICE_001,107.5,57.2,7.05,1.5,0.46,WARNING
2026-09-05 09:49:43.659585,SPLICE_005,98.58,18.23,2.3,1.39,0.16,NORMAL
2026-09-05 09:49:45.659585,SPLICE_005,100.29,30.09,3.78,1.48,0.16,NORMAL
2026-09-05 09:49:47.659585,SPLICE_005,102.32,29.9,0.25,1.56,0.02,NORMAL
2026-09-05 09:49:49.659585,SPLICE_002,122.42,78.24,14.39,1.24,0.74,CRITICAL
2026-09-05 09:49:51.659585,SPLICE_004,100.94,25.75,2.11,1.52,0.12,NORMAL
2026-09-05 09:49:53.659585,SPLICE_002,103.43,55.89,8.35,1.55,0.46,WARNING
2026-09-05 09:49:55.659585,SPLICE_005,100.34,31.18,2.03,1.51,0.02,NORMAL
2026-09-05 09:49:57.659585,SPLICE_004,102.92,28.96,2.13,1.49,0.1,NORMAL
2026-09-05 09:49:59.659585,SPLICE_003,98.37,28.64,1.11,1.56,0.05,NORMAL
2026-09-05 09:50:01.659585,SPLICE_002,101.53,39.86,3.38,1.43,0.05,NORMAL
2026-09-05 09:50:03.659585,SPLICE_001,104.09,60.56,7.89,1.35,0.48,WARNING
2026-09-05 09:50:05.659585,SPLICE_005,105.71,54.35,7.93,1.46,0.33,WARNING
2026-09-05 09:50:07.659585,SPLICE_001,98.34,31.75,1.61,1.5,0.08,NORMAL
2026-09-05 09:50:09.659585,SPLICE_004,99.91,26.0,0.51,1.4,0.01,NORMAL
2026-09-05 09:50:11.659585,SPLICE_001,109.88,49.42,9.83,1.31,0.35,WARNING
2026-09-05 09:50:13.659585,SPLICE_002,103.25,20.25,2.09,1.48,0.19,NORMAL
2026-09-05 09:50:15.659585,SPLICE_004,99.98,31.42,4.15,1.48,0.11,NORMAL
2026-09-05 09:50:17.659585,SPLICE_001,101.81,31.62,1.98,1.58,0.09,NORMAL
2026-09-05 09:50:19.659585,SPLICE_005,103.99,71.9,6.32,1.4,0.27,WARNING
2026-09-05 09:50:21.659585,SPLICE_004,102.64,29.76,2.18,1.41,0.07,NORMAL
2026-09-05 09:50:23.659585,SPLICE_001,98.2,36.5,2.39,1.42,0.17,NORMAL
2026-09-05 09:50:25.659585,SPLICE_002,107.84,47.81,1.09,1.35,0.59,WARNING
2026-09-05 09:50:27.659585,SPLICE_001,106.05,46.34,9.93,1.7,0.43,WARNING
2026-09-05 09:50:29.659585,SPLICE_002,98.74,31.74,3.78,1.59,0.14,NORMAL
2026-09-05 09:50:31.659585,SPLICE_003,100.44,26.39,2.06,1.41,0.15,NORMAL
2026-09-05 09:50:33.659585,SPLICE_005,98.67,31.8,2.42,1.5,0.03,NORMAL
2026-09-05 09:50:35.659585,SPLICE_002,100.9,33.94,1.26,1.55,0.06,NORMAL
2026-09-05 09:50:37.659585,SPLICE_003,99.49,33.68,2.15,1.47,0.02,NORMAL
2026-09-05 09:50:39.659585,SPLICE_003,117.79,96.69,16.19,1.26,0.64,CRITICAL
2026-09-05 09:50:41.659585,SPLICE_004,109.95,50.44,7.81,1.39,0.49,WARNING
2026-09-05 09:50:43.659585,SPLICE_003,118.17,89.07,7.74,1.25,0.74,CRITICAL
2026-09-05 09:50:45.659585,SPLICE_005,97.42,24.15,2.6,1.43,0.18,NORMAL
2026-09-05 09:50:47.659585,SPLICE_005,98.11,27.1,2.5,1.53,0.19,NORMAL
2026-09-05 09:50:49.659585,SPLICE_002,105.33,53.31,11.47,1.48,0.39,WARNING
2026-09-05 09:50:51.659585,SPLICE_001,97.58,31.87,4.12,1.49,0.09,NORMAL
2026-09-05 09:50:53.659585,SPLICE_005,112.39,104.19,10.03,1.04,0.76,CRITICAL
2026-09-05 09:50:55.659585,SPLICE_001,104.75,62.93,5.81,1.36,0.35,WARNING
2026-09-05 09:50:57.659585,SPLICE_003,98.22,35.14,0.17,1.58,0.02,NORMAL
2026-09-05 09:50:59.659585,SPLICE_003,109.63,47.7,5.15,1.43,0.27,WARNING
2026-09-05 09:51:01.659585,SPLICE_002,102.24,32.51,3.09,1.41,0.03,NORMAL
2026-09-05 09:51:03.659585,SPLICE_005,98.96,37.01,2.58,1.54,0.17,NORMAL
2026-09-05 09:51:05.659585,SPLICE_003,103.41,50.3,9.59,1.32,0.23,WARNING
2026-09-05 09:51:07.659585,SPLICE_004,96.29,38.8,1.4,1.48,0.13,NORMAL
2026-09-05 09:51:09.659585,SPLICE_005,98.38,25.3,1.92,1.55,0.08,NORMAL
2026-09-05 09:51:11.659585,SPLICE_002,100.92,31.26,1.95,1.48,0.12,NORMAL
2026-09-05 09:51:13.659585,SPLICE_002,102.17,26.39,1.13,1.46,0.19,NORMAL
2026-09-05 09:51:15.659585,SPLICE_003,101.68,53.37,4.93,1.5,0.31,WARNING
2026-09-05 09:51:17.659585,SPLICE_002,99.78,28.95,1.05,1.51,0.09,NORMAL
2026-09-05 09:51:19.659585,SPLICE_002,102.05,31.87,2.65,1.47,0.05,NORMAL
2026-09-05 09:51:21.659585,SPLICE_001,98.56,39.16,2.34,1.47,0.04,NORMAL
2026-09-05 09:51:23.659585,SPLICE_002,104.58,46.35,4.58,1.47,0.27,WARNING
2026-09-05 09:51:25.659585,SPLICE_004,99.97,28.64,0.51,1.48,0.01,NORMAL
2026-09-05 09:51:27.659585,SPLICE_002,102.81,28.28,2.72,1.52,0.0,NORMAL
2026-09-05 09:51:29.659585,SPLICE_004,105.76,56.84,2.68,1.36,0.34,WARNING
2026-09-05 09:51:31.659585,SPLICE_005,117.41,91.7,11.48,1.19,1.0,CRITICAL
2026-09-05 09:51:33.659585,SPLICE_005,103.64,32.34,3.14,1.39,0.19,NORMAL
2026-09-05 09:51:35.659585,SPLICE_005,98.96,25.83,2.4,1.48,0.01,NORMAL
2026-09-05 09:51:37.659585,SPLICE_004,99.53,27.55,0.55,1.52,0.01,NORMAL
2026-09-05 09:51:39.659585,SPLICE_002,101.94,25.39,0.51,1.52,0.05,NORMAL
2026-09-05 09:51:41.659585,SPLICE_005,94.64,28.53,2.9,1.47,0.1,NORMAL
2026-09-05 09:51:43.659585,SPLICE_004,102.76,59.31,3.08,1.44,0.41,WARNING
2026-09-05 09:51:45.659585,SPLICE_002,108.08,60.8,9.72,1.3,0.58,WARNING
2026-09-05 09:51:47.659585,SPLICE_003,97.96,31.82,1.32,1.52,0.17,NORMAL
2026-09-05 09:51:49.659585,SPLICE_005,95.22,31.73,1.85,1.47,0.18,NORMAL
2026-09-05 09:51:51.659585,SPLICE_001,114.89,80.93,14.35,1.3,0.77,CRITICAL
2026-09-05 09:51:53.659585,SPLICE_005,97.74,41.97,2.72,1.51,0.02,NORMAL
2026-09-05 09:51:55.659585,SPLICE_003,98.89,23.84,1.39,1.54,0.18,NORMAL
2026-09-05 09:51:57.659585,SPLICE_004,124.7,92.42,19.98,1.11,0.67,CRITICAL
2026-09-05 09:51:59.659585,SPLICE_001,99.75,27.3,2.43,1.53,0.1,NORMAL
2026-09-05 09:52:01.659585,SPLICE_005,109.79,87.03,16.75,1.28,0.86,CRITICAL
2026-09-05 09:52:03.659585,SPLICE_003,101.06,29.81,2.33,1.54,0.07,NORMAL
2026-09-05 09:52:05.659585,SPLICE_001,102.43,39.5,0.41,1.46,0.08,NORMAL
2026-09-05 09:52:07.659585,SPLICE_005,96.5,39.01,2.88,1.46,0.11,NORMAL
2026-09-05 09:52:09.659585,SPLICE_004,99.63,26.96,2.31,1.52,0.06,NORMAL
2026-09-05 09:52:11.659585,SPLICE_001,99.95,29.04,2.59,1.39,0.16,NORMAL
2026-09-05 09:52:13.659585,SPLICE_005,105.03,63.95,4.74,1.38,0.22,WARNING
2026-09-05 09:52:15.659585,SPLICE_003,98.87,30.91,2.28,1.59,0.04,NORMAL
2026-09-05 09:52:17.659585,SPLICE_003,97.34,30.83,3.37,1.49,0.09,NORMAL
2026-09-05 09:52:19.659585,SPLICE_001,100.92,26.4,2.59,1.46,0.1,NORMAL
2026-09-05 09:52:21.659585,SPLICE_005,120.81,83.47,17.86,1.14,0.61,CRITICAL
2026-09-05 09:52:23.659585,SPLICE_005,111.15,57.73,9.69,1.46,0.49,WARNING
2026-09-05 09:52:25.659585,SPLICE_004,101.85,32.76,0.86,1.59,0.09,NORMAL
2026-09-05 09:52:27.659585,SPLICE_003,101.3,31.87,1.12,1.44,0.19,NORMAL
2026-09-05 09:52:29.659585,SPLICE_001,97.5,31.53,2.55,1.54,0.04,NORMAL
2026-09-05 09:52:31.659585,SPLICE_005,106.22,63.48,6.35,1.47,0.22,WARNING
2026-09-05 09:52:33.659585,SPLICE_005,96.51,29.09,2.69,1.52,0.09,NORMAL
2026-09-05 09:52:35.659585,SPLICE_004,101.15,32.27,2.07,1.59,0.13,NORMAL
2026-09-05 09:52:37.659585,SPLICE_005,97.91,34.24,3.87,1.48,0.15,NORMAL
2026-09-05 09:52:39.659585,SPLICE_003,107.74,71.01,6.73,1.5,0.22,WARNING
2026-09-05 09:52:41.659585,SPLICE_005,100.92,34.54,2.33,1.48,0.16,NORMAL
2026-09-05 09:52:43.659585,SPLICE_004,98.58,32.0,2.75,1.52,0.09,NORMAL
2026-09-05 09:52:45.659585,SPLICE_005,97.23,19.53,3.51,1.53,0.04,NORMAL
2026-09-05 09:52:47.659585,SPLICE_003,102.38,36.67,2.34,1.55,0.08,NORMAL
2026-09-05 09:52:49.659585,SPLICE_005,100.32,28.02,1.62,1.4,0.14,NORMAL
2026-09-05 09:52:51.659585,SPLICE_003,95.66,25.22,1.35,1.43,0.02,NORMAL
2026-09-05 09:52:53.659585,SPLICE_001,100.13,32.15,1.65,1.46,0.11,NORMAL
2026-09-05 09:52:55.659585,SPLICE_005,104.4,55.3,4.87,1.42,0.22,WARNING
2026-09-05 09:52:57.659585,SPLICE_004,102.95,22.77,1.67,1.47,0.08,NORMAL
2026-09-05 09:52:59.659585,SPLICE_002,100.04,23.8,0.35,1.51,0.02,NORMAL
2026-09-05 09:53:01.659585,SPLICE_002,101.62,29.26,2.82,1.53,0.17,NORMAL
2026-09-05 09:53:03.659585,SPLICE_005,101.18,65.35,8.11,1.3,0.6,WARNING
2026-09-05 09:53:05.659585,SPLICE_003,123.82,82.43,3.74,1.17,0.76,CRITICAL
2026-09-05 09:53:07.659585,SPLICE_002,95.4,30.4,2.54,1.52,0.18,NORMAL
2026-09-05 09:53:09.659585,SPLICE_002,106.99,53.19,4.42,1.29,0.49,WARNING
2026-09-05 09:53:11.659585,SPLICE_004,105.14,53.99,9.85,1.32,0.33,WARNING
2026-09-05 09:53:13.659585,SPLICE_002,102.93,35.92,2.49,1.51,0.09,NORMAL
2026-09-05 09:53:15.659585,SPLICE_002,99.0,25.39,3.71,1.47,0.0,NORMAL
2026-09-05 09:53:17.659585,SPLICE_003,102.11,26.52,3.2,1.54,0.16,NORMAL
2026-09-05 09:53:19.659585,SPLICE_003,108.04,63.46,7.64,1.4,0.43,WARNING
2026-09-05 09:53:21.659585,SPLICE_001,98.7,25.34,2.48,1.51,0.04,NORMAL
2026-09-05 09:53:23.659585,SPLICE_004,99.54,32.13,3.51,1.44,0.07,NORMAL
2026-09-05 09:53:25.659585,SPLICE_003,98.77,28.31,3.45,1.44,0.05,NORMAL
2026-09-05 09:53:27.659585,SPLICE_005,100.87,22.46,3.51,1.52,0.15,NORMAL
2026-09-05 09:53:29.659585,SPLICE_004,98.84,39.74,2.27,1.54,0.2,NORMAL
2026-09-05 09:53:31.659585,SPLICE_002,101.45,20.95,2.39,1.59,0.16,NORMAL
2026-09-05 09:53:33.659585,SPLICE_004,98.3,27.08,2.1,1.47,0.14,NORMAL
2026-09-05 09:53:35.659585,SPLICE_004,102.05,22.15,1.07,1.57,0.13,NORMAL
2026-09-05 09:53:37.659585,SPLICE_003,116.31,87.46,14.78,1.01,0.89,CRITICAL
2026-09-05 09:53:39.659585,SPLICE_001,101.4,33.36,1.33,1.47,0.12,NORMAL
2026-09-05 09:53:41.659585,SPLICE_005,98.29,35.69,2.31,1.47,0.06,NORMAL
2026-09-05 09:53:43.659585,SPLICE_004,99.5,28.81,2.84,1.42,0.07,NORMAL
2026-09-05 09:53:45.659585,SPLICE_003,101.94,23.63,2.14,1.45,0.02,NORMAL
2026-09-05 09:53:47.659585,SPLICE_003,104.34,51.11,7.39,1.35,0.39,WARNING
2026-09-05 09:53:49.659585,SPLICE_003,99.12,25.96,1.24,1.55,0.08,NORMAL
2026-09-05 09:53:51.659585,SPLICE_004,99.02,28.84,2.08,1.53,0.16,NORMAL
2026-09-05 09:53:53.659585,SPLICE_002,106.58,72.06,7.49,1.33,0.26,WARNING
2026-09-05 09:53:55.659585,SPLICE_005,111.41,45.43,8.38,1.5,0.47,WARNING
